1573755809,241824899,-38,-28,-5,-50,2,-19,
1573755809,253824899,-38,-29,-7,-51,3,-21,
1573755809,264824899,-37,-26,-6,-51,2,-18,
1573755809,276824899,-37,-27,-5,-51,2,-21,
1573755809,289824899,-39,-28,-4,-51,2,-19,
1573755809,301824899,-39,-27,-7,-52,2,-18,
1573755809,312824899,-39,-27,-5,-52,2,-20,
1573755809,324824899,-38,-27,-5,-51,2,-18,
1573755809,337824899,-38,-27,-5,-51,2,-20,
1573755809,348824899,-38,-27,-7,-51,2,-18,
1573755809,360824899,-39,-28,-5,-51,2,-21,
1573755809,373824899,-38,-27,-5,-52,2,-19,
1573755809,385824899,-37,-27,-6,-51,2,-21,
1573755809,396824899,-39,-27,-5,-51,2,-20,
1573755809,408824899,-38,-27,-7,-51,2,-20,
1573755809,421824899,-38,-26,-7,-51,2,-19,
1573755809,432824899,-37,-28,-5,-51,2,-19,
1573755809,444824899,-38,-27,-7,-51,2,-20,
1573755809,457824899,-38,-27,-6,-51,3,-20,
1573755809,469824899,-38,-26,-7,-51,2,-18,
1573755809,480824899,-38,-26,-8,-51,2,-21,
1573755809,492824899,-39,-28,-7,-51,2,-20,
1573755809,505824899,-38,-27,-7,-52,2,-20,
1573755809,517824899,-38,-28,-6,-49,2,-20,
1573755809,528824899,-38,-27,-6,-51,2,-21,
1573755809,541824899,-39,-28,-7,-51,2,-21,
1573755809,553824899,-37,-27,-4,-52,2,-20,
1573755809,564824899,-38,-28,-7,-51,2,-21,
1573755809,576824899,-39,-27,-6,-51,2,-19,
1573755809,589824899,-39,-27,-5,-50,2,-20,
1573755809,601824899,-38,-27,-5,-50,3,-21,
1573755809,612824899,-38,-27,-7,-51,2,-20,
1573755809,625824899,-38,-26,-6,-52,2,-20,
1573755809,637824899,-38,-28,-6,-52,2,-19,
1573755809,648824899,-39,-27,-6,-50,2,-21,
1573755809,660824899,-38,-27,-6,-51,2,-18,
1573755809,676824899,-37,-27,-7,-50,2,-20,
1573755809,688824899,-38,-27,-8,-51,2,-21,
1573755809,703895006,-37,-27,-4,-51,2,-18,
1573755809,715895006,-38,-27,-8,-50,2,-18,
1573755809,727895006,-40,-27,-7,-52,3,-20,
1573755809,739895006,-38,-27,-5,-52,2,-19,
1573755809,750895006,-39,-27,-5,-50,2,-20,
1573755809,763895006,-38,-27,-7,-51,2,-20,
1573755809,775895006,-38,-27,-8,-52,2,-20,
1573755809,786895006,-37,-26,-7,-52,2,-19,
1573755809,799895006,-38,-28,-6,-51,2,-20,
1573755809,811895006,-37,-26,-7,-53,2,-19,
1573755809,823895006,-39,-27,-5,-53,2,-19,
1573755809,834895006,-38,-27,-6,-52,2,-22,
1573755809,847895006,-39,-28,-5,-51,2,-19,
1573755809,859895006,-39,-26,-7,-51,4,-19,
1573755809,871895006,-39,-27,-5,-51,2,-20,
1573755809,883895006,-37,-27,-7,-51,3,-21,
1573755809,895895006,-38,-29,-5,-51,2,-19,
1573755809,907895006,-38,-27,-6,-51,2,-21,
1573755809,918895006,-37,-27,-6,-51,2,-20,
1573755809,931895006,-37,-27,-6,-51,2,-19,
1573755809,943895006,-37,-27,-4,-50,2,-18,
1573755809,955895006,-38,-26,-7,-49,2,-19,
1573755809,966895006,-37,-27,-6,-51,2,-20,
1573755809,979895006,-39,-27,-4,-51,2,-21,
1573755809,991895006,-38,-27,-6,-51,2,-19,
1573755810,2895006,-38,-27,-5,-51,2,-21,
1573755810,15895006,-38,-27,-7,-51,2,-20,
1573755810,27895006,-37,-26,-8,-52,2,-18,
1573755810,39895006,-37,-27,-7,-52,2,-20,
1573755810,50895006,-38,-27,-8,-51,2,-21,
1573755810,63895006,-39,-27,-5,-52,2,-19,
1573755810,75895006,-40,-27,-7,-51,2,-18,
1573755810,86895006,-39,-27,-6,-51,2,-19,
1573755810,99895006,-38,-27,-6,-51,3,-20,
1573755810,111895006,-36,-27,-6,-51,2,-20,
1573755810,123895006,-39,-28,-6,-52,2,-20,
1573755810,134895006,-37,-28,-6,-50,2,-19,
1573755810,147895006,-39,-27,-5,-51,1,-19,
1573755810,159895006,-38,-26,-3,-51,2,-22,
1573755810,170895006,-38,-28,-7,-52,2,-20,
1573755810,183895006,-38,-27,-4,-52,3,-21,
1573755810,195895006,-39,-27,-6,-52,2,-19,
1573755810,207895006,-38,-28,-6,-51,2,-19,
1573755810,218895006,-38,-27,-6,-51,2,-19,
1573755810,231895006,-39,-27,-6,-51,2,-20,
1573755810,243895006,-37,-27,-6,-51,2,-18,
1573755810,254895006,-37,-27,-8,-52,2,-18,
1573755810,267895006,-40,-27,-6,-50,2,-18,
1573755810,279895006,-38,-27,-8,-51,2,-18,
1573755810,291895006,-36,-27,-6,-51,3,-21,
1573755810,302895006,-39,-27,-5,-51,2,-19,
1573755810,315895006,-39,-27,-6,-51,2,-21,
1573755810,327895006,-38,-27,-7,-51,3,-21,
1573755810,339895006,-39,-26,-5,-51,2,-18,
1573755810,350895006,-36,-27,-6,-51,2,-20,
1573755810,363895006,-36,-26,-6,-52,2,-19,
1573755810,375895006,-38,-27,-5,-50,2,-19,
1573755810,386895006,-38,-27,-6,-50,2,-19,
1573755810,399895006,-37,-28,-6,-51,2,-19,
1573755810,411895006,-36,-27,-5,-51,2,-17,
1573755810,423895006,-38,-27,-7,-50,2,-18,
1573755810,434895006,-38,-27,-7,-51,2,-21,
1573755810,447895006,-37,-27,-6,-50,2,-17,
1573755810,459895006,-39,-28,-5,-51,2,-19,
1573755810,470895006,-39,-27,-8,-51,2,-21,
1573755810,483895006,-39,-28,-5,-51,2,-20,
1573755810,495895006,-39,-28,-5,-51,2,-22,
1573755810,507895006,-38,-27,-6,-51,2,-21,
1573755810,518895006,-38,-28,-5,-51,2,-20,
1573755810,531895006,-38,-27,-7,-52,2,-18,
1573755810,543895006,-39,-27,-6,-51,2,-21,
1573755810,554895006,-38,-27,-7,-51,2,-19,
1573755810,567895006,-38,-27,-7,-53,2,-20,
1573755810,579895006,-38,-27,-4,-51,2,-19,
1573755810,591895006,-38,-26,-6,-51,2,-20,
1573755810,602895006,-39,-27,-8,-50,2,-18,
1573755810,615895006,-38,-27,-7,-51,2,-20,
1573755810,627895006,-38,-27,-7,-51,2,-21,
1573755810,639895006,-38,-27,-7,-50,3,-20,
1573755810,651895006,-36,-27,-6,-51,2,-20,
1573755810,663895006,-40,-27,-7,-51,2,-19,
1573755810,675895006,-38,-27,-5,-52,2,-20,
1573755810,686895006,-38,-27,-8,-51,2,-21,
1573755810,699895006,-39,-28,-6,-51,2,-18,
1573755810,711895006,-37,-27,-7,-51,2,-19,
1573755810,723895006,-38,-28,-8,-53,2,-21,
1573755810,734895006,-36,-27,-6,-50,2,-20,
1573755810,747895006,-38,-27,-4,-51,2,-22,
1573755810,759895006,-38,-27,-5,-51,2,-20,
1573755810,770895006,-38,-27,-5,-51,2,-22,
1573755810,783895006,-38,-27,-6,-52,2,-20,
1573755810,795895006,-38,-27,-5,-51,2,-19,
1573755810,807895006,-37,-27,-7,-51,2,-20,
1573755810,818895006,-39,-27,-4,-51,2,-20,
1573755810,831895006,-38,-27,-8,-50,2,-18,
1573755810,843895006,-38,-27,-5,-51,3,-20,
1573755810,854895006,-39,-27,-5,-52,2,-18,
1573755810,867895006,-39,-27,-4,-51,2,-20,
1573755810,879895006,-38,-27,-8,-51,2,-20,
1573755810,891895006,-39,-27,-5,-51,1,-19,
1573755810,902895006,-37,-27,-6,-51,2,-20,
1573755810,915895006,-38,-28,-7,-52,2,-19,
1573755810,927895006,-38,-27,-7,-50,2,-20,
1573755810,938895006,-39,-27,-5,-51,2,-20,
1573755810,951895006,-39,-27,-5,-51,2,-18,
1573755810,963895006,-37,-27,-7,-52,2,-19,
1573755810,975895006,-39,-27,-6,-51,2,-19,
1573755810,986895006,-37,-27,-7,-51,2,-20,
1573755810,999895006,-38,-27,-6,-50,2,-18,
1573755811,11895006,-38,-27,-4,-51,1,-21,
1573755811,23895006,-38,-26,-7,-51,2,-20,
1573755811,35895006,-39,-27,-5,-51,2,-19,
1573755811,47895006,-38,-27,-7,-52,2,-20,
1573755811,59895006,-38,-27,-4,-52,3,-20,
1573755811,70895006,-38,-27,-5,-52,2,-19,
1573755811,83895006,-39,-27,-6,-51,2,-18,
1573755811,95895006,-40,-27,-5,-51,2,-19,
1573755811,107895006,-40,-27,-5,-51,2,-19,
1573755811,118895006,-38,-27,-6,-52,2,-21,
1573755811,131895006,-39,-27,-4,-51,2,-20,
1573755811,143895006,-38,-27,-5,-51,3,-21,
1573755811,154895006,-38,-27,-8,-51,2,-21,
1573755811,167895006,-38,-27,-6,-50,2,-19,
1573755811,179895006,-38,-27,-8,-51,3,-20,
1573755811,191895006,-38,-27,-6,-50,2,-18,
1573755811,202895006,-38,-27,-6,-51,2,-20,
1573755811,215895006,-39,-28,-5,-51,2,-19,
1573755811,227895006,-39,-27,-5,-51,2,-20,
1573755811,238895006,-38,-27,-6,-51,2,-19,
1573755811,251895006,-38,-27,-4,-50,2,-19,
1573755811,263895006,-38,-27,-5,-51,2,-19,
1573755811,275895006,-39,-27,-5,-51,3,-18,
1573755811,286895006,-38,-28,-5,-51,2,-21,
1573755811,299895006,-38,-26,-7,-50,2,-20,
1573755811,311895006,-37,-27,-7,-50,2,-18,
1573755811,322895006,-39,-27,-4,-51,1,-20,
1573755811,335895006,-37,-29,-5,-51,3,-20,
1573755811,347895006,-39,-28,-5,-51,2,-20,
1573755811,359895006,-37,-27,-7,-51,3,-19,
1573755811,370895006,-39,-28,-5,-51,2,-20,
1573755811,383895006,-37,-27,-5,-51,2,-20,
1573755811,395895006,-38,-27,-7,-52,2,-19,
1573755811,406895006,-36,-27,-5,-50,2,-19,
1573755811,419895006,-39,-28,-6,-51,2,-19,
1573755811,431895006,-37,-27,-7,-51,2,-20,
1573755811,443895006,-37,-26,-7,-52,1,-21,
1573755811,454895006,-38,-27,-5,-51,2,-19,
1573755811,467895006,-37,-27,-6,-51,2,-21,
1573755811,479895006,-39,-27,-6,-52,2,-18,
1573755811,491895006,-38,-27,-6,-52,2,-20,
1573755811,502895006,-38,-26,-7,-51,2,-19,
1573755811,515895006,-38,-26,-6,-51,3,-18,
1573755811,527895006,-37,-27,-5,-51,2,-20,
1573755811,538895006,-38,-27,-5,-50,2,-19,
1573755811,551895006,-38,-27,-4,-51,2,-21,
1573755811,563895006,-39,-26,-8,-50,2,-19,
1573755811,575895006,-38,-27,-5,-51,2,-20,
1573755811,586895006,-38,-26,-4,-51,3,-20,
1573755811,599895006,-39,-27,-6,-51,2,-20,
1573755811,611895006,-39,-27,-5,-51,2,-19,
1573755811,622895006,-38,-27,-5,-52,2,-21,
1573755811,635895006,-37,-27,-8,-52,2,-19,
1573755811,647895006,-39,-27,-5,-51,1,-19,
1573755811,659895006,-38,-26,-8,-50,2,-19,
1573755811,670895006,-38,-28,-7,-50,2,-20,
1573755811,683895006,-36,-28,-5,-50,2,-18,
1573755811,695895006,-39,-27,-5,-52,2,-19,
1573755811,706895006,-37,-27,-7,-51,2,-19,
1573755811,719895006,-39,-28,-4,-51,2,-19,
1573755811,731895006,-38,-27,-5,-52,2,-20,
1573755811,743895006,-36,-28,-6,-50,2,-18,
1573755811,754895006,-37,-27,-8,-51,2,-21,
1573755811,767895006,-38,-28,-5,-52,2,-19,
1573755811,779895006,-40,-27,-6,-50,2,-19,
1573755811,791895006,-37,-27,-6,-52,2,-20,
1573755811,803895006,-37,-27,-7,-51,2,-20,
1573755811,815895006,-38,-27,-8,-51,2,-20,
1573755811,827895006,-39,-27,-6,-50,2,-19,
1573755811,838895006,-38,-27,-7,-52,2,-18,
1573755811,851895006,-38,-27,-7,-52,2,-21,
1573755811,863895006,-39,-28,-5,-51,1,-21,
1573755811,875895006,-37,-27,-5,-52,2,-20,
1573755811,886895006,-38,-26,-4,-51,2,-20,
1573755811,899895006,-39,-27,-4,-51,2,-19,
1573755811,911895006,-36,-27,-6,-51,2,-19,
1573755811,922895006,-39,-27,-8,-52,2,-21,
1573755811,935895006,-38,-27,-5,-52,2,-20,
1573755811,947895006,-38,-27,-5,-51,2,-21,
1573755811,959895006,-37,-27,-7,-51,2,-20,
1573755811,970895006,-37,-27,-7,-51,2,-20,
1573755811,983895006,-37,-27,-7,-51,2,-19,
1573755811,995895006,-39,-27,-5,-52,2,-18,
1573755812,6895006,-38,-27,-6,-52,2,-20,
1573755812,19895006,-37,-27,-7,-51,2,-21,
1573755812,31895006,-38,-27,-5,-51,2,-20,
1573755812,43895006,-38,-28,-5,-51,2,-20,
1573755812,54895006,-36,-26,-7,-53,2,-22,
1573755812,67895006,-36,-27,-6,-51,2,-19,
1573755812,79895006,-39,-27,-5,-51,1,-20,
1573755812,90895006,-39,-27,-5,-52,2,-20,
1573755812,103895006,-38,-27,-8,-51,2,-18,
1573755812,115895006,-37,-26,-7,-51,2,-20,
1573755812,127895006,-40,-27,-5,-51,2,-20,
1573755812,138895006,-38,-27,-8,-51,2,-18,
1573755812,151895006,-38,-27,-4,-51,2,-19,
1573755812,163895006,-39,-27,-5,-52,2,-21,
1573755812,175895006,-38,-27,-8,-52,2,-18,
1573755812,190895006,-39,-28,-6,-51,3,-19,
1573755812,202895006,-38,-27,-6,-51,3,-21,
1573755812,216978940,-38,-27,-5,-51,3,-19,
1573755812,228978940,-38,-27,-5,-53,2,-20,
1573755812,240978940,-37,-27,-6,-51,2,-19,
1573755812,252978940,-37,-27,-7,-51,2,-19,
1573755812,264978940,-38,-26,-7,-50,2,-18,
1573755812,276978940,-39,-27,-8,-51,2,-21,
1573755812,288978940,-37,-27,-5,-51,2,-20,
1573755812,300978940,-37,-27,-7,-50,2,-19,
1573755812,312978940,-39,-27,-4,-51,2,-20,
1573755812,324978940,-36,-27,-6,-50,2,-19,
1573755812,336978940,-37,-26,-7,-51,2,-18,
1573755812,348978940,-38,-27,-5,-51,2,-19,
1573755812,360978940,-39,-28,-4,-49,2,-22,
1573755812,372978940,-39,-27,-8,-52,2,-20,
1573755812,384978940,-38,-27,-8,-52,2,-18,
1573755812,396978940,-40,-27,-6,-52,2,-20,
1573755812,408978940,-38,-28,-5,-51,2,-21,
1573755812,420978940,-39,-27,-5,-49,2,-21,
1573755812,432978940,-37,-27,-7,-51,2,-22,
1573755812,443978940,-38,-28,-6,-50,2,-18,
1573755812,456978940,-38,-27,-7,-51,3,-20,
1573755812,468978940,-38,-27,-7,-52,2,-18,
1573755812,480978940,-38,-27,-6,-51,2,-19,
1573755812,492978940,-38,-27,-8,-51,2,-19,
1573755812,504978940,-37,-27,-5,-51,2,-21,
1573755812,516978940,-39,-28,-5,-49,2,-21,
1573755812,527978940,-39,-27,-6,-51,2,-18,
1573755812,540978940,-38,-27,-7,-51,2,-21,
1573755812,552978940,-37,-26,-7,-51,2,-19,
1573755812,564978940,-39,-27,-5,-52,2,-19,
1573755812,576978940,-37,-27,-7,-51,2,-20,
1573755812,588978940,-38,-27,-7,-51,2,-20,
1573755812,600978940,-38,-27,-5,-50,2,-18,
1573755812,612978940,-38,-27,-7,-52,2,-19,
1573755812,624978940,-37,-25,-5,-51,2,-21,
1573755812,636978940,-37,-27,-7,-52,2,-19,
1573755812,648978940,-37,-26,-6,-50,2,-19,
1573755812,660978940,-39,-27,-5,-50,2,-18,
1573755812,672978940,-39,-27,-4,-51,2,-20,
1573755812,684978940,-39,-28,-5,-51,2,-19,
1573755812,696978940,-38,-28,-8,-51,1,-18,
1573755812,708978940,-38,-27,-6,-50,2,-20,
1573755812,720978940,-38,-27,-7,-51,2,-18,
1573755812,732978940,-37,-28,-4,-51,2,-19,
1573755812,744978940,-38,-27,-6,-51,2,-19,
1573755812,756978940,-40,-27,-5,-51,2,-19,
1573755812,768978940,-38,-27,-5,-50,2,-21,
1573755812,780978940,-39,-27,-4,-51,2,-19,
1573755812,792978940,-39,-27,-7,-52,2,-20,
1573755812,804978940,-38,-27,-5,-52,2,-20,
1573755812,816978940,-37,-27,-6,-51,2,-19,
1573755812,827978940,-40,-27,-5,-53,2,-19,
1573755812,840978940,-37,-26,-6,-51,2,-19,
1573755812,852978940,-40,-27,-6,-52,2,-20,
1573755812,864978940,-37,-26,-5,-51,2,-19,
1573755812,876978940,-38,-27,-8,-51,1,-18,
1573755812,888978940,-38,-27,-4,-50,2,-19,
1573755812,900978940,-39,-27,-6,-52,3,-19,
1573755812,911978940,-37,-26,-7,-51,2,-19,
1573755812,924978940,-37,-27,-6,-51,2,-21,
1573755812,936978940,-38,-26,-7,-51,2,-20,
1573755812,948978940,-36,-27,-7,-52,2,-19,
1573755812,960978940,-38,-27,-5,-51,2,-20,
1573755812,972978940,-38,-28,-6,-51,2,-17,
1573755812,984978940,-38,-27,-7,-52,2,-20,
1573755812,996978940,-38,-27,-5,-51,2,-20,
1573755813,8978940,-38,-27,-6,-52,2,-18,
1573755813,20978940,-38,-27,-4,-51,2,-19,
1573755813,32978940,-38,-27,-7,-51,2,-19,
1573755813,44978940,-38,-27,-7,-51,2,-19,
1573755813,56978940,-38,-27,-7,-52,2,-21,
1573755813,68978940,-38,-27,-7,-50,2,-20,
1573755813,80978940,-37,-27,-6,-52,2,-19,
1573755813,92978940,-37,-28,-7,-51,2,-20,
1573755813,104978940,-40,-27,-5,-52,2,-21,
1573755813,116978940,-37,-27,-6,-51,2,-22,
1573755813,128978940,-37,-27,-6,-51,2,-18,
1573755813,140978940,-38,-27,-5,-52,3,-19,
1573755813,152978940,-38,-27,-6,-52,2,-20,
1573755813,164978940,-38,-27,-7,-51,2,-20,
1573755813,176978940,-36,-26,-7,-51,2,-20,
1573755813,188978940,-38,-26,-7,-51,2,-19,
1573755813,200978940,-38,-27,-5,-50,2,-22,
1573755813,211978940,-38,-26,-5,-51,2,-21,
1573755813,224978940,-38,-27,-5,-51,2,-21,
1573755813,236978940,-37,-27,-7,-51,2,-20,
1573755813,248978940,-38,-27,-7,-51,2,-21,
1573755813,260978940,-39,-27,-4,-51,2,-21,
1573755813,272978940,-38,-28,-4,-52,2,-20,
1573755813,284978940,-37,-26,-7,-50,2,-18,
1573755813,295978940,-37,-26,-7,-52,2,-20,
1573755813,308978940,-39,-26,-5,-52,2,-21,
1573755813,320978940,-37,-27,-5,-51,2,-20,
1573755813,332978940,-39,-27,-5,-52,2,-19,
1573755813,344978940,-38,-27,-7,-51,1,-19,
1573755813,356978940,-39,-28,-5,-51,3,-19,
1573755813,368978940,-39,-27,-7,-51,2,-18,
1573755813,380978940,-38,-27,-6,-51,2,-20,
1573755813,392978940,-39,-28,-7,-51,2,-21,
1573755813,404978940,-39,-27,-5,-51,2,-20,
1573755813,416978940,-38,-27,-8,-51,2,-20,
1573755813,428978940,-39,-26,-5,-51,2,-19,
1573755813,440978940,-40,-27,-5,-51,3,-20,
1573755813,452978940,-38,-27,-8,-51,2,-20,
1573755813,464978940,-38,-27,-6,-50,2,-20,
1573755813,476978940,-39,-28,-4,-52,2,-19,
1573755813,488978940,-38,-28,-7,-50,2,-19,
1573755813,500978940,-39,-27,-6,-52,2,-19,
1573755813,512978940,-38,-27,-7,-52,2,-19,
1573755813,524978940,-39,-28,-4,-51,2,-19,
1573755813,536978940,-37,-26,-8,-51,2,-18,
1573755813,548978940,-39,-27,-5,-51,2,-20,
1573755813,560978940,-36,-27,-7,-50,3,-19,
1573755813,572978940,-38,-27,-7,-51,2,-21,
1573755813,584978940,-37,-27,-6,-52,2,-20,
1573755813,595978940,-37,-27,-7,-52,2,-19,
1573755813,608978940,-37,-26,-6,-51,2,-21,
1573755813,620978940,-39,-27,-5,-51,2,-19,
1573755813,632978940,-39,-27,-5,-51,2,-19,
1573755813,644978940,-36,-27,-5,-51,1,-20,
1573755813,656978940,-38,-27,-7,-52,2,-19,
1573755813,668978940,-38,-28,-5,-51,2,-19,
1573755813,679978940,-38,-27,-5,-52,2,-20,
1573755813,692978940,-39,-28,-7,-50,2,-18,
1573755813,704978940,-38,-28,-5,-51,2,-20,
1573755813,716978940,-38,-27,-5,-51,2,-19,
1573755813,728978940,-38,-27,-8,-51,2,-21,
1573755813,740978940,-38,-25,-5,-51,2,-20,
1573755813,752978940,-39,-27,-5,-51,2,-20,
1573755813,764978940,-38,-27,-8,-51,2,-19,
1573755813,776978940,-38,-27,-4,-50,2,-19,
1573755813,788978940,-38,-27,-5,-52,2,-21,
1573755813,800978940,-39,-27,-6,-52,2,-18,
1573755813,812978940,-37,-27,-6,-51,2,-19,
1573755813,824978940,-40,-27,-7,-50,2,-19,
1573755813,836978940,-38,-27,-4,-51,2,-20,
1573755813,848978940,-39,-27,-6,-50,3,-19,
1573755813,860978940,-38,-27,-5,-50,2,-19,
1573755813,872978940,-38,-27,-7,-51,2,-19,
1573755813,884978940,-38,-27,-6,-52,2,-20,
1573755813,896978940,-37,-26,-6,-51,2,-20,
1573755813,908978940,-39,-28,-6,-51,2,-20,
1573755813,920978940,-39,-27,-6,-50,2,-21,
1573755813,932978940,-38,-27,-7,-51,2,-21,
1573755813,944978940,-37,-27,-5,-50,2,-21,
1573755813,956978940,-38,-27,-5,-51,2,-19,
1573755813,968978940,-37,-26,-5,-52,1,-21,
1573755813,979978940,-39,-28,-6,-51,2,-20,
1573755813,992978940,-39,-27,-5,-51,2,-19,
1573755814,4978940,-37,-27,-6,-52,2,-20,
1573755814,16978940,-38,-27,-8,-51,2,-19,
1573755814,28978940,-38,-27,-5,-50,2,-19,
1573755814,40978940,-38,-27,-7,-52,2,-21,
1573755814,52978940,-38,-27,-5,-52,2,-18,
1573755814,63978940,-38,-27,-5,-51,2,-21,
1573755814,76978940,-38,-27,-5,-52,2,-19,
1573755814,88978940,-38,-27,-7,-51,2,-21,
1573755814,100978940,-37,-27,-7,-53,2,-17,
1573755814,112978940,-38,-27,-5,-50,2,-18,
1573755814,124978940,-39,-27,-5,-52,2,-18,
1573755814,136978940,-37,-27,-7,-49,2,-22,
1573755814,148978940,-39,-27,-5,-52,1,-18,
1573755814,160978940,-37,-27,-7,-50,2,-17,
1573755814,172978940,-38,-26,-4,-50,2,-18,
1573755814,184978940,-38,-27,-4,-51,2,-20,
1573755814,196978940,-39,-27,-5,-52,2,-18,
1573755814,208978940,-38,-27,-7,-51,1,-19,
1573755814,220978940,-37,-27,-6,-51,2,-20,
1573755814,232978940,-38,-26,-7,-51,2,-21,
1573755814,244978940,-37,-27,-7,-51,2,-21,
1573755814,256978940,-39,-28,-4,-50,2,-20,
1573755814,268978940,-37,-28,-8,-50,2,-18,
1573755814,280978940,-39,-27,-4,-51,2,-20,
1573755814,292978940,-38,-27,-6,-51,2,-19,
1573755814,304978940,-38,-27,-7,-51,3,-19,
1573755814,316978940,-40,-27,-7,-51,3,-18,
1573755814,328978940,-39,-28,-4,-51,3,-20,
1573755814,340978940,-39,-27,-8,-50,2,-20,
1573755814,352978940,-36,-27,-5,-50,2,-18,
1573755814,363978940,-37,-26,-6,-51,2,-22,
1573755814,376978940,-37,-28,-4,-51,3,-20,
1573755814,388978940,-40,-27,-7,-50,2,-18,
1573755814,400978940,-39,-27,-5,-51,2,-20,
1573755814,412978940,-38,-27,-5,-49,2,-21,
1573755814,424978940,-39,-28,-5,-51,2,-19,
1573755814,436978940,-38,-27,-7,-51,2,-20,
1573755814,447978940,-37,-28,-8,-51,2,-21,
1573755814,460978940,-38,-27,-8,-52,2,-20,
1573755814,472978940,-38,-27,-7,-53,2,-21,
1573755814,484978940,-38,-27,-6,-52,2,-20,
1573755814,496978940,-36,-27,-7,-50,2,-19,
1573755814,508978940,-39,-27,-5,-51,2,-19,
1573755814,520978940,-37,-27,-7,-51,2,-18,
1573755814,531978940,-38,-27,-7,-51,2,-18,
1573755814,544978940,-38,-27,-6,-51,1,-20,
1573755814,556978940,-37,-26,-7,-52,1,-21,
1573755814,568978940,-38,-27,-5,-51,3,-21,
1573755814,580978940,-39,-27,-4,-51,2,-20,
1573755814,592978940,-36,-26,-8,-51,2,-20,
1573755814,604978940,-40,-26,-7,-51,3,-19,
1573755814,616978940,-38,-27,-5,-51,2,-21,
1573755814,628978940,-38,-28,-7,-51,3,-21,
1573755814,640978940,-37,-25,-8,-51,2,-19,
1573755814,652978940,-39,-28,-6,-50,2,-18,
1573755814,664978940,-39,-28,-5,-50,2,-18,
1573755814,676978940,-37,-26,-8,-52,2,-20,
1573755814,688978940,-38,-27,-6,-52,2,-21,
1573755814,703978940,-39,-27,-6,-51,2,-19,
1573755814,715978940,-39,-27,-8,-51,2,-19,
1573755814,727978940,-37,-27,-7,-50,3,-21,
1573755814,742458101,-38,-27,-7,-52,2,-20,
1573755814,755458101,-39,-27,-5,-51,2,-19,
1573755814,766458101,-38,-27,-4,-51,2,-21,
1573755814,778458101,-38,-27,-6,-51,2,-20,
1573755814,790458101,-38,-27,-6,-51,2,-20,
1573755814,802458101,-38,-27,-7,-52,2,-19,
1573755814,814458101,-36,-27,-7,-52,2,-20,
1573755814,826458101,-38,-27,-5,-50,2,-20,
1573755814,839458101,-39,-27,-5,-52,2,-19,
1573755814,850458101,-39,-27,-7,-49,2,-20,
1573755814,862458101,-38,-27,-5,-51,2,-21,
1573755814,874458101,-38,-27,-7,-50,2,-19,
1573755814,886458101,-39,-27,-6,-51,2,-20,
1573755814,898458101,-39,-27,-7,-51,2,-20,
1573755814,910458101,-38,-28,-4,-51,2,-20,
1573755814,923458101,-37,-27,-6,-51,2,-19,
1573755814,934458101,-37,-27,-4,-51,2,-19,
1573755814,946458101,-38,-27,-5,-51,1,-19,
1573755814,958458101,-38,-28,-7,-51,2,-21,
1573755814,971458101,-39,-27,-5,-50,2,-19,
1573755814,982458101,-39,-27,-6,-49,2,-21,
1573755814,994458101,-38,-27,-7,-50,2,-21,
1573755815,6458101,-39,-28,-7,-51,2,-19,
1573755815,18458101,-39,-27,-5,-50,2,-19,
1573755815,30458101,-36,-29,-6,-51,2,-19,
1573755815,42458101,-39,-27,-5,-50,2,-20,
1573755815,55458101,-39,-27,-5,-50,2,-18,
1573755815,66458101,-36,-26,-4,-50,2,-17,
1573755815,78458101,-37,-28,-5,-52,1,-20,
1573755815,90458101,-39,-27,-4,-51,3,-19,
1573755815,102458101,-40,-27,-7,-52,2,-21,
1573755815,114458101,-38,-27,-5,-51,2,-19,
1573755815,126458101,-37,-27,-7,-50,2,-19,
1573755815,139458101,-40,-27,-7,-50,2,-18,
1573755815,150458101,-40,-27,-6,-51,2,-21,
1573755815,162458101,-38,-27,-4,-51,2,-20,
1573755815,174458101,-38,-27,-5,-49,2,-18,
1573755815,186458101,-38,-27,-5,-51,3,-20,
1573755815,198458101,-38,-27,-4,-50,3,-21,
1573755815,210458101,-39,-27,-5,-52,2,-18,
1573755815,223458101,-39,-28,-6,-51,1,-20,
1573755815,234458101,-38,-28,-8,-52,2,-21,
1573755815,246458101,-38,-27,-6,-51,2,-18,
1573755815,258458101,-38,-28,-5,-51,2,-20,
1573755815,270458101,-38,-27,-5,-51,2,-20,
1573755815,282458101,-38,-27,-8,-51,2,-21,
1573755815,294458101,-36,-29,-7,-50,2,-19,
1573755815,307458101,-39,-27,-4,-52,2,-20,
1573755815,318458101,-39,-27,-5,-50,2,-20,
1573755815,330458101,-38,-28,-4,-52,2,-21,
1573755815,342458101,-38,-27,-7,-50,2,-18,
1573755815,355458101,-38,-27,-5,-51,2,-21,
1573755815,366458101,-39,-27,-5,-51,2,-20,
1573755815,378458101,-38,-28,-6,-50,2,-21,
1573755815,390458101,-37,-27,-5,-51,2,-19,
1573755815,402458101,-37,-27,-6,-51,2,-20,
1573755815,414458101,-40,-27,-7,-51,2,-18,
1573755815,426458101,-37,-27,-6,-51,2,-21,
1573755815,439458101,-38,-27,-7,-51,2,-18,
1573755815,450458101,-37,-27,-7,-51,2,-20,
1573755815,462458101,-40,-26,-6,-51,2,-20,
1573755815,474458101,-39,-27,-8,-51,2,-21,
1573755815,486458101,-38,-27,-6,-51,2,-19,
1573755815,498458101,-37,-26,-4,-53,2,-21,
1573755815,510458101,-37,-27,-6,-51,2,-20,
1573755815,523458101,-38,-27,-6,-51,1,-22,
1573755815,534458101,-39,-27,-7,-51,3,-21,
1573755815,546458101,-38,-26,-5,-51,2,-20,
1573755815,558458101,-38,-27,-6,-51,2,-21,
1573755815,570458101,-38,-27,-7,-51,2,-20,
1573755815,582458101,-39,-27,-6,-52,2,-21,
1573755815,594458101,-37,-26,-6,-52,2,-20,
1573755815,607458101,-37,-27,-4,-51,2,-20,
1573755815,618458101,-38,-29,-4,-50,2,-21,
1573755815,630458101,-39,-27,-7,-51,2,-19,
1573755815,642458101,-38,-27,-4,-51,2,-19,
1573755815,654458101,-37,-27,-4,-51,3,-19,
1573755815,666458101,-40,-27,-5,-51,2,-21,
1573755815,678458101,-38,-27,-7,-51,2,-19,
1573755815,691458101,-38,-26,-7,-51,2,-22,
1573755815,702458101,-39,-27,-5,-51,2,-21,
1573755815,714458101,-37,-27,-6,-51,2,-19,
1573755815,726458101,-39,-27,-5,-51,2,-20,
1573755815,738458101,-37,-27,-5,-51,2,-20,
1573755815,750458101,-38,-27,-7,-51,1,-21,
1573755815,762458101,-37,-27,-7,-51,2,-20,
1573755815,774458101,-38,-27,-4,-50,1,-19,
1573755815,786458101,-38,-27,-6,-52,2,-21,
1573755815,798458101,-38,-28,-5,-51,2,-19,
1573755815,810458101,-37,-27,-6,-51,2,-18,
1573755815,823458101,-39,-27,-7,-52,2,-18,
1573755815,834458101,-39,-27,-5,-50,2,-19,
1573755815,846458101,-38,-27,-7,-51,2,-20,
1573755815,858458101,-40,-27,-6,-51,2,-20,
1573755815,870458101,-38,-27,-5,-49,3,-19,
1573755815,882458101,-38,-28,-6,-51,2,-18,
1573755815,894458101,-39,-27,-7,-52,2,-20,
1573755815,907458101,-38,-27,-5,-51,2,-20,
1573755815,918458101,-39,-27,-5,-51,2,-20,
1573755815,930458101,-38,-28,-5,-51,3,-18,
1573755815,942458101,-38,-27,-5,-52,2,-20,
1573755815,954458101,-38,-26,-6,-51,1,-20,
1573755815,966458101,-38,-27,-8,-51,2,-21,
1573755815,978458101,-37,-27,-5,-51,2,-18,
1573755815,991458101,-38,-28,-5,-51,2,-20,
1573755816,2458101,-38,-27,-5,-51,2,-20,
1573755816,14458101,-38,-28,-8,-51,2,-20,
1573755816,26458101,-36,-26,-7,-51,2,-20,
1573755816,38458101,-38,-27,-5,-51,2,-20,
1573755816,50458101,-39,-28,-5,-49,2,-18,
1573755816,62458101,-39,-27,-6,-51,3,-20,
1573755816,75458101,-38,-27,-5,-52,2,-19,
1573755816,86458101,-39,-27,-8,-51,2,-20,
1573755816,98458101,-38,-27,-6,-49,2,-19,
1573755816,110458101,-36,-27,-6,-51,2,-20,
1573755816,122458101,-38,-27,-6,-51,2,-20,
1573755816,134458101,-36,-27,-7,-51,2,-19,
1573755816,146458101,-37,-27,-5,-51,3,-19,
1573755816,158458101,-37,-27,-4,-50,2,-20,
1573755816,170458101,-37,-26,-6,-52,2,-18,
1573755816,182458101,-38,-27,-8,-51,3,-21,
1573755816,194458101,-38,-27,-5,-51,2,-20,
1573755816,207458101,-37,-27,-7,-51,2,-19,
1573755816,218458101,-40,-27,-6,-51,2,-21,
1573755816,230458101,-37,-27,-6,-52,3,-20,
1573755816,242458101,-38,-27,-6,-52,2,-21,
1573755816,254458101,-38,-27,-6,-51,2,-21,
1573755816,266458101,-39,-27,-6,-51,2,-21,
1573755816,278458101,-40,-27,-6,-51,2,-18,
1573755816,291458101,-38,-26,-5,-50,2,-20,
1573755816,302458101,-38,-27,-5,-51,2,-19,
1573755816,314458101,-40,-27,-5,-50,2,-20,
1573755816,326458101,-39,-27,-7,-52,2,-20,
1573755816,338458101,-38,-27,-5,-51,2,-20,
1573755816,350458101,-37,-27,-8,-51,2,-18,
1573755816,362458101,-38,-27,-5,-51,2,-18,
1573755816,375458101,-37,-26,-7,-51,3,-18,
1573755816,386458101,-37,-27,-6,-51,2,-17,
1573755816,398458101,-38,-27,-6,-51,2,-19,
1573755816,410458101,-37,-26,-7,-52,2,-20,
1573755816,422458101,-38,-27,-8,-51,2,-22,
1573755816,434458101,-37,-27,-7,-51,2,-20,
1573755816,446458101,-38,-28,-7,-52,2,-20,
1573755816,459458101,-36,-27,-6,-51,2,-21,
1573755816,470458101,-39,-28,-5,-51,2,-19,
1573755816,482458101,-37,-26,-6,-51,2,-20,
1573755816,494458101,-40,-27,-7,-50,2,-18,
1573755816,507458101,-39,-27,-5,-51,2,-19,
1573755816,518458101,-39,-27,-7,-52,2,-20,
1573755816,530458101,-37,-26,-6,-51,3,-20,
1573755816,542458101,-40,-28,-5,-51,2,-20,
1573755816,554458101,-37,-27,-5,-51,2,-20,
1573755816,566458101,-40,-27,-5,-52,3,-18,
1573755816,578458101,-38,-28,-4,-51,2,-19,
1573755816,591458101,-39,-28,-5,-53,2,-21,
1573755816,602458101,-37,-27,-8,-52,2,-19,
1573755816,614458101,-38,-28,-5,-52,2,-20,
1573755816,626458101,-38,-26,-7,-49,2,-21,
1573755816,638458101,-39,-28,-5,-51,2,-20,
1573755816,650458101,-38,-27,-6,-51,2,-21,
1573755816,662458101,-37,-26,-7,-52,2,-19,
1573755816,675458101,-38,-27,-5,-52,2,-20,
1573755816,686458101,-37,-26,-6,-50,2,-21,
1573755816,698458101,-37,-27,-6,-51,2,-18,
1573755816,710458101,-39,-27,-5,-53,2,-21,
1573755816,722458101,-38,-27,-5,-51,2,-21,
1573755816,734458101,-39,-28,-8,-51,2,-20,
1573755816,746458101,-38,-28,-8,-51,2,-19,
1573755816,759458101,-37,-27,-5,-51,2,-20,
1573755816,770458101,-39,-27,-5,-52,2,-20,
1573755816,782458101,-38,-28,-6,-50,2,-18,
1573755816,794458101,-38,-27,-8,-50,2,-18,
1573755816,806458101,-38,-27,-5,-51,3,-19,
1573755816,818458101,-37,-27,-6,-50,2,-19,
1573755816,830458101,-38,-27,-6,-52,2,-21,
1573755816,843458101,-37,-27,-6,-51,2,-20,
1573755816,854458101,-36,-26,-5,-51,2,-18,
1573755816,866458101,-38,-27,-8,-52,2,-20,
1573755816,878458101,-36,-27,-4,-51,2,-20,
1573755816,891458101,-36,-27,-6,-51,2,-19,
1573755816,902458101,-38,-27,-5,-51,2,-17,
1573755816,914458101,-37,-26,-7,-52,2,-18,
1573755816,926458101,-39,-28,-5,-51,1,-20,
1573755816,938458101,-38,-26,-7,-50,2,-19,
1573755816,950458101,-39,-27,-5,-51,2,-21,
1573755816,962458101,-38,-28,-5,-50,2,-19,
1573755816,975458101,-38,-28,-8,-51,2,-19,
1573755816,986458101,-38,-29,-7,-51,2,-22,
1573755816,998458101,-39,-27,-8,-52,2,-19,
1573755817,10458101,-38,-28,-6,-51,2,-20,
1573755817,22458101,-38,-26,-7,-53,2,-20,
1573755817,34458101,-39,-27,-5,-51,3,-19,
1573755817,46458101,-37,-27,-5,-51,2,-19,
1573755817,59458101,-39,-27,-5,-51,2,-19,
1573755817,70458101,-37,-27,-7,-51,2,-19,
1573755817,82458101,-37,-27,-6,-51,2,-19,
1573755817,94458101,-38,-27,-8,-52,2,-19,
1573755817,106458101,-39,-27,-6,-50,2,-21,
1573755817,118458101,-39,-28,-5,-50,2,-19,
1573755817,130458101,-38,-27,-5,-53,2,-22,
1573755817,143458101,-38,-27,-8,-51,2,-21,
1573755817,154458101,-37,-27,-6,-51,2,-20,
1573755817,166458101,-39,-27,-6,-52,2,-20,
1573755817,178458101,-36,-25,-5,-51,2,-20,
1573755817,190458101,-39,-27,-8,-51,2,-20,
1573755817,202458101,-38,-28,-8,-50,2,-19,
1573755817,217458101,-38,-28,-7,-51,2,-18,
1573755817,230458101,-38,-28,-5,-52,2,-20,
1573755817,242458101,-37,-27,-5,-51,2,-19,
1573755817,257106061,-37,-27,-6,-51,2,-20,
1573755817,269106061,-37,-27,-7,-51,2,-20,
1573755817,282106061,-38,-25,-8,-51,2,-20,
1573755817,293106061,-38,-27,-3,-50,3,-20,
1573755817,305106061,-35,-27,-8,-50,3,-18,
1573755817,318106061,-38,-27,-8,-51,2,-22,
1573755817,329106061,-37,-27,-5,-51,2,-19,
1573755817,341106061,-37,-27,-7,-52,2,-21,
1573755817,353106061,-38,-27,-5,-49,2,-18,
1573755817,366106061,-38,-27,-5,-50,4,-20,
1573755817,377106061,-38,-27,-4,-49,2,-18,
1573755817,389106061,-38,-27,-5,-51,2,-19,
1573755817,402106061,-39,-28,-6,-52,2,-21,
1573755817,414106061,-39,-27,-5,-51,2,-19,
1573755817,425106061,-38,-27,-5,-50,2,-20,
1573755817,437106061,-38,-27,-6,-51,2,-20,
1573755817,450106061,-37,-27,-7,-51,2,-18,
1573755817,461106061,-39,-27,-5,-51,2,-20,
1573755817,473106061,-36,-26,-7,-52,2,-21,
1573755817,485106061,-38,-27,-5,-51,2,-20,
1573755817,498106061,-37,-27,-6,-51,2,-18,
1573755817,509106061,-38,-26,-8,-51,2,-20,
1573755817,521106061,-39,-27,-5,-52,2,-20,
1573755817,534106061,-38,-28,-6,-51,2,-22,
1573755817,545106061,-37,-27,-7,-51,2,-18,
1573755817,557106061,-38,-27,-4,-51,2,-21,
1573755817,569106061,-38,-27,-6,-51,2,-19,
1573755817,582106061,-37,-27,-6,-51,3,-19,
1573755817,593106061,-36,-27,-5,-52,2,-19,
1573755817,605106061,-37,-26,-8,-51,2,-21,
1573755817,618106061,-38,-28,-4,-51,1,-17,
1573755817,629106061,-39,-27,-5,-50,2,-21,
1573755817,641106061,-38,-27,-5,-51,2,-18,
1573755817,653106061,-38,-27,-5,-51,2,-20,
1573755817,666106061,-38,-27,-4,-51,2,-21,
1573755817,677106061,-38,-27,-5,-51,2,-19,
1573755817,689106061,-38,-27,-5,-52,2,-21,
1573755817,702106061,-37,-27,-6,-50,2,-19,
1573755817,714106061,-38,-27,-5,-52,3,-20,
1573755817,725106061,-36,-27,-5,-49,2,-18,
1573755817,737106061,-38,-27,-7,-51,2,-20,
1573755817,750106061,-38,-27,-5,-51,2,-19,
1573755817,761106061,-38,-27,-6,-51,2,-19,
1573755817,773106061,-38,-28,-8,-51,2,-21,
1573755817,786106061,-40,-25,-5,-51,2,-21,
1573755817,798106061,-37,-27,-4,-51,2,-20,
1573755817,809106061,-38,-27,-8,-51,2,-20,
1573755817,821106061,-39,-28,-4,-50,2,-19,
1573755817,834106061,-38,-27,-5,-52,2,-19,
1573755817,845106061,-39,-27,-5,-51,2,-20,
1573755817,857106061,-38,-27,-5,-51,2,-19,
1573755817,869106061,-38,-27,-6,-50,2,-18,
1573755817,882106061,-39,-28,-5,-51,3,-19,
1573755817,893106061,-39,-27,-5,-51,2,-18,
1573755817,905106061,-38,-27,-5,-51,2,-19,
1573755817,918106061,-38,-27,-5,-51,2,-21,
1573755817,929106061,-38,-27,-8,-51,2,-20,
1573755817,941106061,-38,-27,-5,-50,2,-21,
1573755817,953106061,-38,-27,-8,-52,2,-20,
1573755817,966106061,-37,-25,-4,-51,2,-18,
1573755817,977106061,-39,-28,-8,-51,2,-19,
1573755817,989106061,-37,-27,-7,-51,2,-20,
1573755818,2106061,-37,-27,-6,-51,2,-19,
1573755818,13106061,-37,-27,-6,-49,2,-20,
1573755818,25106061,-37,-27,-5,-52,2,-18,
1573755818,37106061,-38,-27,-7,-51,2,-20,
1573755818,50106061,-39,-28,-5,-51,2,-19,
1573755818,61106061,-39,-27,-4,-51,2,-21,
1573755818,73106061,-38,-27,-5,-52,3,-20,
1573755818,86106061,-38,-26,-7,-51,2,-20,
1573755818,97106061,-39,-27,-4,-51,2,-20,
1573755818,109106061,-38,-27,-7,-50,2,-20,
1573755818,121106061,-38,-28,-5,-51,2,-19,
1573755818,134106061,-37,-27,-6,-50,2,-20,
1573755818,145106061,-39,-28,-5,-51,1,-19,
1573755818,157106061,-38,-27,-6,-51,2,-19,
1573755818,170106061,-38,-28,-5,-51,2,-20,
1573755818,182106061,-39,-26,-4,-51,2,-20,
1573755818,193106061,-39,-28,-5,-51,1,-19,
1573755818,205106061,-38,-25,-5,-52,2,-20,
1573755818,218106061,-39,-27,-5,-51,2,-20,
1573755818,229106061,-38,-27,-5,-51,2,-19,
1573755818,241106061,-38,-28,-8,-51,2,-18,
1573755818,253106061,-37,-28,-7,-51,2,-19,
1573755818,266106061,-38,-27,-5,-51,2,-20,
1573755818,277106061,-38,-26,-6,-51,2,-18,
1573755818,289106061,-39,-28,-5,-51,2,-20,
1573755818,302106061,-38,-26,-5,-51,2,-21,
1573755818,313106061,-38,-27,-6,-51,2,-21,
1573755818,325106061,-39,-28,-3,-51,2,-21,
1573755818,337106061,-39,-28,-5,-51,2,-19,
1573755818,350106061,-39,-28,-6,-50,2,-21,
1573755818,361106061,-39,-27,-6,-52,2,-20,
1573755818,373106061,-37,-26,-7,-51,3,-20,
1573755818,386106061,-38,-25,-6,-52,2,-21,
1573755818,397106061,-36,-27,-6,-52,2,-19,
1573755818,409106061,-40,-27,-7,-51,2,-20,
1573755818,421106061,-38,-27,-6,-52,2,-18,
1573755818,434106061,-38,-28,-4,-50,2,-21,
1573755818,445106061,-39,-28,-5,-50,2,-18,
1573755818,457106061,-39,-27,-4,-51,2,-19,
1573755818,470106061,-38,-27,-5,-52,2,-19,
1573755818,481106061,-37,-27,-6,-52,2,-20,
1573755818,493106061,-38,-27,-7,-52,2,-21,
1573755818,505106061,-38,-27,-6,-51,2,-21,
1573755818,518106061,-38,-27,-7,-51,1,-20,
1573755818,529106061,-38,-27,-7,-51,2,-21,
1573755818,541106061,-39,-27,-6,-50,2,-20,
1573755818,554106061,-37,-27,-7,-51,3,-18,
1573755818,566106061,-39,-28,-8,-51,2,-19,
1573755818,577106061,-36,-27,-6,-52,2,-20,
1573755818,589106061,-40,-27,-4,-50,3,-18,
1573755818,602106061,-39,-28,-7,-51,2,-21,
1573755818,613106061,-39,-27,-8,-50,2,-18,
1573755818,625106061,-39,-27,-5,-51,2,-19,
1573755818,637106061,-39,-27,-5,-51,2,-20,
1573755818,650106061,-38,-28,-6,-51,2,-21,
1573755818,661106061,-36,-27,-7,-51,2,-22,
1573755818,673106061,-36,-27,-6,-51,3,-21,
1573755818,686106061,-38,-27,-8,-51,2,-20,
1573755818,697106061,-38,-27,-7,-53,2,-19,
1573755818,709106061,-38,-27,-6,-51,2,-19,
1573755818,721106061,-39,-28,-4,-51,2,-21,
1573755818,734106061,-38,-27,-8,-51,2,-20,
1573755818,745106061,-36,-27,-7,-51,2,-20,
1573755818,757106061,-39,-27,-5,-51,2,-19,
1573755818,770106061,-38,-27,-5,-52,2,-19,
1573755818,781106061,-36,-27,-5,-51,2,-20,
1573755818,793106061,-37,-29,-7,-50,2,-20,
1573755818,805106061,-38,-27,-5,-51,2,-18,
1573755818,818106061,-38,-26,-6,-51,2,-20,
1573755818,829106061,-37,-27,-7,-51,3,-20,
1573755818,841106061,-39,-27,-8,-50,2,-18,
1573755818,854106061,-37,-27,-6,-51,2,-20,
1573755818,866106061,-38,-27,-6,-51,2,-18,
1573755818,877106061,-38,-27,-5,-51,2,-19,
1573755818,889106061,-39,-28,-5,-52,2,-20,
1573755818,902106061,-38,-27,-5,-52,2,-19,
1573755818,913106061,-37,-27,-5,-52,2,-20,
1573755818,925106061,-40,-27,-5,-51,2,-19,
1573755818,938106061,-38,-27,-5,-51,2,-19,
1573755818,950106061,-38,-27,-8,-51,2,-21,
1573755818,961106061,-39,-27,-6,-52,1,-21,
1573755818,973106061,-37,-27,-8,-51,2,-18,
1573755818,986106061,-37,-27,-5,-51,2,-18,
1573755818,997106061,-39,-27,-8,-51,2,-20,
1573755819,9106061,-38,-27,-4,-51,2,-20,
1573755819,21106061,-38,-27,-8,-51,2,-20,
1573755819,34106061,-39,-28,-5,-52,2,-19,
1573755819,45106061,-39,-27,-4,-51,2,-20,
1573755819,57106061,-38,-27,-5,-51,2,-20,
1573755819,70106061,-37,-26,-5,-50,2,-18,
1573755819,81106061,-38,-26,-6,-51,2,-20,
1573755819,93106061,-39,-28,-5,-53,2,-19,
1573755819,105106061,-39,-27,-7,-51,2,-20,
1573755819,118106061,-38,-28,-5,-51,2,-20,
1573755819,129106061,-38,-28,-6,-51,2,-22,
1573755819,141106061,-37,-27,-7,-51,2,-19,
1573755819,154106061,-38,-26,-7,-51,2,-20,
1573755819,165106061,-38,-27,-5,-51,2,-18,
1573755819,177106061,-38,-27,-8,-51,3,-18,
1573755819,189106061,-38,-27,-6,-51,2,-18,
1573755819,202106061,-38,-26,-4,-51,2,-18,
1573755819,213106061,-39,-27,-7,-51,2,-19,
1573755819,225106061,-38,-27,-5,-52,3,-21,
1573755819,238106061,-39,-27,-4,-51,3,-20,
1573755819,250106061,-39,-28,-5,-51,2,-18,
1573755819,261106061,-38,-27,-7,-51,2,-20,
1573755819,273106061,-39,-27,-7,-50,2,-20,
1573755819,286106061,-38,-27,-5,-51,2,-18,
1573755819,297106061,-38,-27,-6,-50,2,-20,
1573755819,309106061,-39,-28,-5,-51,3,-21,
1573755819,322106061,-38,-27,-7,-51,2,-18,
1573755819,334106061,-39,-27,-8,-51,2,-19,
1573755819,345106061,-38,-27,-5,-52,2,-20,
1573755819,357106061,-38,-27,-5,-51,1,-20,
1573755819,370106061,-38,-28,-5,-51,2,-20,
1573755819,381106061,-38,-27,-6,-51,2,-21,
1573755819,393106061,-38,-27,-5,-51,2,-19,
1573755819,405106061,-38,-27,-5,-51,2,-18,
1573755819,418106061,-37,-27,-7,-51,2,-21,
1573755819,429106061,-38,-26,-5,-50,1,-20,
1573755819,441106061,-37,-27,-6,-52,2,-20,
1573755819,454106061,-38,-28,-6,-51,2,-20,
1573755819,465106061,-38,-27,-6,-51,2,-19,
1573755819,477106061,-38,-28,-5,-50,2,-19,
1573755819,489106061,-38,-27,-7,-52,2,-22,
1573755819,502106061,-37,-27,-7,-51,2,-20,
1573755819,513106061,-38,-27,-5,-51,2,-19,
1573755819,525106061,-39,-28,-4,-51,2,-21,
1573755819,538106061,-38,-26,-8,-51,2,-17,
1573755819,549106061,-36,-26,-6,-51,2,-20,
1573755819,561106061,-39,-27,-4,-51,2,-19,
1573755819,573106061,-37,-27,-6,-52,2,-20,
1573755819,586106061,-38,-27,-7,-51,2,-19,
1573755819,597106061,-39,-27,-5,-51,2,-19,
1573755819,609106061,-38,-27,-5,-51,2,-19,
1573755819,622106061,-40,-27,-7,-51,2,-18,
1573755819,634106061,-39,-27,-8,-51,2,-20,
1573755819,645106061,-38,-27,-4,-52,2,-18,
1573755819,657106061,-39,-27,-4,-51,2,-19,
1573755819,670106061,-39,-27,-5,-51,2,-20,
1573755819,681106061,-38,-27,-5,-52,2,-19,
1573755819,693106061,-36,-27,-6,-52,1,-20,
1573755819,706106061,-38,-27,-8,-51,2,-20,
1573755819,718106061,-37,-27,-7,-51,2,-20,
1573755819,732106061,-39,-28,-4,-51,2,-21,
1573755819,744106061,-40,-27,-5,-50,2,-18,
1573755819,761193904,-39,-27,-7,-50,2,-21,
1573755819,773193904,-38,-27,-7,-51,1,-20,
1573755819,784193904,-37,-27,-7,-51,3,-20,
1573755819,797193904,-37,-27,-7,-52,1,-21,
1573755819,809193904,-38,-27,-6,-51,2,-22,
1573755819,820193904,-36,-26,-7,-50,2,-21,
1573755819,832193904,-37,-27,-6,-49,2,-18,
1573755819,845193904,-37,-27,-6,-50,2,-18,
1573755819,857193904,-38,-28,-5,-52,3,-22,
1573755819,868193904,-39,-27,-4,-51,2,-18,
1573755819,881193904,-39,-28,-5,-51,2,-19,
1573755819,893193904,-38,-27,-5,-52,1,-21,
1573755819,904193904,-38,-26,-8,-51,2,-19,
1573755819,916193904,-38,-27,-6,-51,2,-19,
1573755819,929193904,-37,-27,-5,-52,2,-21,
1573755819,941193904,-40,-27,-5,-51,4,-20,
1573755819,952193904,-39,-28,-5,-51,2,-19,
1573755819,964193904,-39,-27,-5,-51,2,-19,
1573755819,977193904,-38,-26,-5,-52,2,-19,
1573755819,988193904,-39,-27,-5,-50,2,-19,
1573755820,193904,-39,-28,-7,-51,2,-18,
1573755820,13193904,-39,-27,-5,-50,2,-19,
1573755820,25193904,-38,-27,-6,-51,2,-20,
1573755820,36193904,-37,-27,-8,-51,2,-18,
1573755820,48193904,-39,-27,-5,-51,2,-18,
1573755820,61193904,-39,-27,-5,-51,2,-20,
1573755820,73193904,-38,-27,-7,-50,2,-18,
1573755820,84193904,-38,-28,-6,-50,2,-19,
1573755820,97193904,-38,-27,-6,-51,2,-20,
1573755820,109193904,-40,-27,-5,-51,2,-20,
1573755820,120193904,-38,-27,-7,-51,2,-19,
1573755820,132193904,-37,-29,-7,-51,2,-20,
1573755820,145193904,-40,-27,-7,-51,2,-19,
1573755820,157193904,-38,-27,-6,-51,2,-20,
1573755820,168193904,-38,-27,-5,-50,2,-21,
1573755820,181193904,-38,-27,-5,-51,2,-21,
1573755820,193193904,-37,-26,-6,-52,2,-21,
1573755820,204193904,-40,-27,-7,-50,3,-19,
1573755820,216193904,-39,-26,-6,-52,2,-20,
1573755820,229193904,-38,-27,-5,-50,2,-19,
1573755820,241193904,-38,-27,-7,-52,2,-18,
1573755820,252193904,-38,-27,-5,-51,2,-19,
1573755820,265193904,-38,-27,-6,-50,2,-21,
1573755820,277193904,-40,-27,-6,-52,2,-19,
1573755820,288193904,-39,-28,-5,-51,2,-19,
1573755820,300193904,-37,-27,-7,-51,1,-19,
1573755820,313193904,-38,-27,-5,-51,2,-18,
1573755820,325193904,-40,-27,-6,-52,2,-20,
1573755820,336193904,-37,-27,-8,-51,2,-19,
1573755820,348193904,-36,-27,-6,-52,1,-21,
1573755820,361193904,-38,-27,-5,-52,2,-19,
1573755820,372193904,-38,-27,-8,-51,2,-19,
1573755820,384193904,-37,-26,-7,-51,2,-20,
1573755820,397193904,-38,-27,-8,-51,2,-21,
1573755820,409193904,-37,-27,-7,-51,2,-20,
1573755820,420193904,-37,-27,-7,-51,3,-21,
1573755820,432193904,-39,-27,-4,-51,2,-21,
1573755820,445193904,-38,-27,-8,-50,2,-22,
1573755820,456193904,-40,-27,-5,-51,2,-19,
1573755820,468193904,-37,-27,-6,-52,2,-20,
1573755820,481193904,-40,-27,-7,-52,2,-18,
1573755820,493193904,-37,-27,-6,-52,2,-20,
1573755820,504193904,-39,-27,-5,-49,2,-21,
1573755820,516193904,-38,-28,-6,-52,2,-19,
1573755820,529193904,-37,-27,-6,-51,2,-19,
1573755820,541193904,-39,-28,-5,-52,1,-20,
1573755820,552193904,-39,-25,-7,-52,2,-19,
1573755820,565193904,-40,-27,-7,-51,2,-20,
1573755820,577193904,-36,-27,-5,-51,2,-20,
1573755820,588193904,-37,-27,-6,-52,2,-20,
1573755820,600193904,-38,-27,-5,-51,2,-18,
1573755820,613193904,-37,-27,-6,-51,2,-18,
1573755820,625193904,-39,-27,-5,-52,2,-21,
1573755820,636193904,-38,-27,-5,-53,1,-20,
1573755820,649193904,-40,-27,-6,-51,3,-20,
1573755820,661193904,-38,-27,-5,-51,2,-21,
1573755820,672193904,-38,-27,-7,-50,2,-18,
1573755820,684193904,-37,-27,-7,-51,2,-18,
1573755820,697193904,-38,-27,-7,-51,2,-20,
1573755820,709193904,-38,-27,-7,-51,2,-18,
1573755820,720193904,-37,-27,-7,-51,2,-21,
1573755820,732193904,-37,-27,-7,-51,2,-21,
1573755820,745193904,-37,-27,-5,-52,3,-20,
1573755820,756193904,-39,-27,-5,-51,1,-21,
1573755820,768193904,-38,-27,-4,-51,2,-22,
1573755820,781193904,-38,-26,-7,-52,2,-18,
1573755820,793193904,-39,-27,-6,-50,2,-18,
1573755820,804193904,-38,-27,-6,-51,2,-18,
1573755820,816193904,-37,-27,-6,-49,2,-20,
1573755820,829193904,-38,-27,-5,-51,2,-21,
1573755820,841193904,-38,-28,-8,-51,2,-20,
1573755820,852193904,-38,-27,-4,-50,2,-19,
1573755820,865193904,-38,-27,-6,-52,2,-20,
1573755820,877193904,-36,-27,-8,-51,2,-20,
1573755820,888193904,-38,-27,-8,-51,2,-20,
1573755820,900193904,-38,-27,-7,-51,2,-21,
1573755820,913193904,-38,-27,-6,-49,2,-22,
1573755820,925193904,-39,-27,-4,-50,2,-18,
1573755820,936193904,-37,-27,-6,-51,2,-19,
1573755820,949193904,-38,-27,-7,-53,2,-22,
1573755820,961193904,-38,-28,-4,-52,2,-21,
1573755820,972193904,-38,-28,-7,-52,1,-18,
1573755820,984193904,-37,-27,-7,-51,1,-21,
1573755820,997193904,-38,-27,-5,-50,2,-20,
1573755821,9193904,-38,-27,-5,-51,2,-18,
1573755821,20193904,-39,-27,-5,-52,1,-21,
1573755821,33193904,-38,-27,-8,-52,2,-20,
1573755821,45193904,-37,-27,-6,-51,2,-19,
1573755821,56193904,-39,-27,-4,-50,2,-21,
1573755821,68193904,-38,-27,-8,-51,2,-19,
1573755821,81193904,-38,-27,-5,-51,2,-20,
1573755821,93193904,-37,-27,-6,-50,2,-22,
1573755821,104193904,-38,-27,-5,-52,3,-18,
1573755821,116193904,-38,-27,-7,-51,2,-21,
1573755821,129193904,-37,-27,-6,-52,3,-18,
1573755821,140193904,-39,-27,-8,-51,2,-19,
1573755821,152193904,-38,-28,-5,-51,2,-19,
1573755821,165193904,-38,-26,-6,-51,2,-20,
1573755821,177193904,-39,-27,-8,-51,2,-20,
1573755821,188193904,-40,-27,-7,-51,2,-21,
1573755821,200193904,-38,-27,-4,-51,2,-19,
1573755821,213193904,-39,-27,-5,-51,2,-19,
1573755821,224193904,-38,-27,-5,-50,2,-19,
1573755821,236193904,-39,-27,-7,-51,2,-18,
1573755821,249193904,-38,-27,-5,-51,2,-19,
1573755821,261193904,-38,-27,-4,-51,2,-20,
1573755821,272193904,-37,-27,-6,-51,2,-21,
1573755821,284193904,-38,-27,-4,-52,1,-21,
1573755821,297193904,-39,-27,-5,-50,2,-19,
1573755821,309193904,-38,-27,-5,-52,2,-19,
1573755821,320193904,-38,-27,-8,-51,3,-20,
1573755821,333193904,-38,-27,-7,-51,2,-21,
1573755821,345193904,-37,-27,-5,-51,2,-18,
1573755821,356193904,-37,-26,-4,-51,2,-17,
1573755821,368193904,-38,-27,-5,-51,2,-20,
1573755821,381193904,-38,-28,-7,-49,2,-18,
1573755821,393193904,-38,-26,-7,-50,1,-18,
1573755821,404193904,-38,-27,-5,-51,1,-21,
1573755821,417193904,-36,-27,-7,-51,2,-18,
1573755821,429193904,-37,-27,-5,-49,2,-18,
1573755821,440193904,-38,-27,-6,-51,2,-20,
1573755821,452193904,-38,-27,-8,-51,2,-20,
1573755821,465193904,-39,-27,-5,-51,2,-20,
1573755821,477193904,-39,-28,-4,-51,2,-18,
1573755821,488193904,-37,-26,-6,-51,2,-20,
1573755821,500193904,-38,-27,-8,-52,4,-20,
1573755821,513193904,-39,-27,-5,-50,2,-21,
1573755821,524193904,-37,-27,-6,-52,2,-21,
1573755821,536193904,-38,-27,-8,-51,1,-20,
1573755821,549193904,-38,-27,-8,-50,2,-19,
1573755821,561193904,-38,-27,-6,-51,2,-19,
1573755821,572193904,-37,-27,-5,-52,2,-21,
1573755821,584193904,-39,-27,-4,-51,2,-17,
1573755821,597193904,-39,-27,-8,-51,1,-22,
1573755821,608193904,-37,-27,-6,-51,2,-19,
1573755821,620193904,-38,-27,-6,-51,2,-20,
1573755821,633193904,-37,-27,-10,-52,2,-21,
1573755821,645193904,-37,-26,-7,-51,2,-19,
1573755821,656193904,-39,-28,-4,-51,2,-20,
1573755821,668193904,-38,-27,-4,-52,4,-19,
1573755821,681193904,-38,-27,-5,-51,2,-18,
1573755821,693193904,-36,-26,-7,-52,1,-20,
1573755821,704193904,-38,-27,-7,-50,2,-21,
1573755821,717193904,-38,-27,-8,-50,2,-20,
1573755821,729193904,-38,-27,-5,-52,2,-20,
1573755821,740193904,-38,-27,-6,-51,2,-20,
1573755821,752193904,-38,-27,-7,-51,2,-20,
1573755821,765193904,-40,-27,-7,-51,3,-19,
1573755821,777193904,-39,-27,-5,-51,2,-20,
1573755821,788193904,-37,-27,-6,-51,3,-19,
1573755821,801193904,-36,-27,-7,-50,2,-20,
1573755821,813193904,-36,-27,-6,-51,2,-19,
1573755821,824193904,-36,-27,-6,-50,2,-18,
1573755821,836193904,-40,-27,-6,-52,2,-19,
1573755821,849193904,-39,-27,-4,-51,2,-19,
1573755821,861193904,-38,-27,-8,-52,1,-18,
1573755821,872193904,-39,-27,-5,-50,2,-20,
1573755821,884193904,-38,-28,-8,-51,2,-19,
1573755821,897193904,-38,-27,-7,-51,2,-20,
1573755821,908193904,-36,-27,-6,-51,2,-20,
1573755821,920193904,-37,-28,-6,-51,2,-20,
1573755821,933193904,-38,-28,-4,-51,2,-21,
1573755821,945193904,-38,-27,-4,-51,2,-20,
1573755821,956193904,-38,-27,-7,-50,2,-19,
1573755821,968193904,-38,-27,-3,-51,2,-19,
1573755821,981193904,-38,-27,-5,-51,2,-20,
1573755821,993193904,-37,-27,-7,-52,2,-20,
1573755822,4193904,-37,-27,-8,-51,2,-18,
1573755822,17193904,-37,-27,-4,-51,3,-20,
1573755822,29193904,-38,-27,-6,-52,2,-20,
1573755822,40193904,-36,-26,-7,-50,2,-18,
1573755822,52193904,-39,-27,-5,-51,3,-20,
1573755822,65193904,-38,-27,-8,-51,2,-20,
1573755822,77193904,-39,-27,-5,-51,3,-18,
1573755822,88193904,-39,-28,-5,-51,2,-20,
1573755822,101193904,-37,-27,-6,-51,2,-19,
1573755822,113193904,-37,-28,-7,-52,2,-19,
1573755822,124193904,-37,-27,-6,-51,2,-22,
1573755822,136193904,-39,-28,-7,-51,2,-20,
1573755822,149193904,-38,-26,-7,-51,2,-21,
1573755822,161193904,-39,-27,-5,-51,2,-19,
1573755822,172193904,-38,-27,-6,-51,2,-19,
1573755822,185193904,-37,-26,-7,-50,2,-19,
1573755822,197193904,-38,-27,-6,-50,4,-21,
1573755822,208193904,-38,-28,-5,-52,2,-20,
1573755822,220193904,-36,-27,-6,-52,2,-19,
1573755822,233193904,-38,-27,-5,-52,2,-21,
1573755822,248193904,-39,-27,-7,-51,2,-21,
1573755822,259193904,-38,-27,-7,-53,2,-18,
1573755822,272193904,-37,-27,-5,-52,2,-20,
1573755822,287523027,-39,-28,-5,-52,2,-21,
1573755822,299523027,-38,-27,-8,-50,2,-20,
1573755822,310523027,-37,-28,-7,-51,2,-20,
1573755822,323523027,-38,-27,-8,-49,2,-19,
1573755822,335523027,-37,-28,-5,-51,2,-20,
1573755822,346523027,-37,-27,-7,-51,2,-21,
1573755822,359523027,-38,-27,-5,-52,2,-20,
1573755822,371523027,-37,-27,-5,-51,2,-20,
1573755822,383523027,-38,-27,-8,-51,2,-20,
1573755822,394523027,-37,-27,-7,-51,2,-18,
1573755822,407523027,-39,-27,-5,-50,2,-19,
1573755822,419523027,-38,-27,-5,-50,2,-20,
1573755822,431523027,-38,-27,-8,-52,2,-19,
1573755822,443523027,-38,-27,-5,-51,2,-20,
1573755822,455523027,-38,-27,-4,-51,2,-20,
1573755822,467523027,-38,-27,-7,-51,2,-19,
1573755822,478523027,-39,-27,-4,-52,2,-20,
1573755822,491523027,-38,-26,-6,-51,4,-21,
1573755822,503523027,-39,-27,-5,-51,2,-19,
1573755822,515523027,-39,-27,-4,-52,2,-20,
1573755822,526523027,-38,-28,-7,-52,2,-19,
1573755822,539523027,-38,-27,-5,-52,2,-20,
1573755822,551523027,-37,-27,-6,-51,2,-20,
1573755822,562523027,-38,-27,-5,-51,2,-19,
1573755822,575523027,-38,-28,-5,-51,2,-22,
1573755822,587523027,-39,-27,-4,-51,2,-20,
1573755822,599523027,-39,-28,-5,-51,1,-20,
1573755822,610523027,-38,-26,-6,-51,2,-20,
1573755822,623523027,-36,-26,-5,-52,2,-21,
1573755822,635523027,-39,-28,-5,-51,2,-21,
