1573755809,250895599,0.449999,3.58,3.23,
1573755809,267244696,0.58,3.66,3.21,
1573755809,279606068,0.67,3.81,3.19,
1573755809,295970140,0.799999,3.71,3.15,
1573755809,312409995,0.82,3.75,3.17,
1573755809,328848120,0.82,3.65,3.16,
1573755809,345288045,0.65,3.68,3.19,
1573755809,361679717,0.559999,3.74,3.18,
1573755809,378142736,0.469999,3.74,3.15,
1573755809,394629329,0.589998,3.75,3.19,
1573755809,411139844,0.439999,3.68,3.19,
1573755809,423653083,0.48,3.63,3.24,
1573755809,440160404,0.41,3.63,3.28,
1573755809,456568777,0.559999,3.61,3.28,
1573755809,472912366,0.589998,3.44,3.29,
1573755809,489242769,0.779999,3.66,3.25,
1573755809,505628469,0.679998,3.66,3.19,
1573755809,521895029,0.49,3.81,3.16,
1573755809,538168569,0.599998,3.58,3.17,
1573755809,554562121,0.619999,3.72,3.17,
1573755809,571018903,0.449999,3.71,3.18,
1573755809,587482353,0.449999,3.71,3.23,
1573755809,600161820,0.5,3.65,3.23,
1573755809,616770295,0.49,3.84,3.26,
1573755809,633228067,0.599998,3.74,3.29,
1573755809,649653545,0.589998,3.6,3.27,
1573755809,666231821,0.709999,3.67,3.2,
1573755809,682650427,0.559999,3.69,3.21,
1573755809,699102796,0.49,3.74,3.25,
1573755809,711564296,0.539999,3.74,3.21,
1573755809,728107560,0.629999,3.78,3.14,
1573755809,744457711,0.439999,3.8,3.14,
1573755809,760927565,0.459999,3.78,3.14,
1573755809,777431490,0.57,3.61,3.2,
1573755809,793870277,0.529999,3.76,3.2,
1573755809,810254648,0.589998,3.75,3.18,
1573755809,826630027,0.629999,3.65,3.21,
1573755809,843123329,0.74,3.52,3.25,
1573755809,859602876,0.599998,3.73,3.24,
1573755809,871942426,0.57,3.72,3.22,
1573755809,888356506,0.629999,3.75,3.2,
1573755809,904830529,0.67,3.9,3.2,
1573755809,921174995,0.74,3.78,3.21,
1573755809,937595206,0.58,3.89,3.16,
1573755809,954035421,0.599998,3.74,3.14,
1573755809,970383669,0.58,3.5,3.21,
1573755809,986848849,0.389999,3.75,3.2,
1573755810,3209468,0.589998,3.73,3.25,
1573755810,19622886,0.629999,3.46,3.26,
1573755810,31949707,0.539999,3.7,3.21,
1573755810,48398579,0.679998,3.83,3.22,
1573755810,64971545,0.66,3.87,3.22,
1573755810,81404841,0.74,3.58,3.17,
1573755810,97789191,0.529999,3.9,3.11,
1573755810,114194070,0.559999,3.67,3.09,
1573755810,130633150,0.599998,3.7,3.18,
1573755810,147119913,0.57,3.81,3.18,
1573755810,163534553,0.599998,3.77,3.2,
1573755810,175890211,0.619999,3.75,3.23,
1573755810,192328752,0.599998,3.7,3.22,
1573755810,208760356,0.539999,3.73,3.18,
1573755810,225227021,0.5,3.76,3.2,
1573755810,241613466,0.66,3.8,3.21,
1573755810,257970621,0.519999,3.68,3.16,
1573755810,274249459,0.609999,3.75,3.11,
1573755810,290580499,0.539999,3.73,3.06,
1573755810,306922622,0.449999,3.8,3.11,
1573755810,323434216,0.469999,3.88,3.14,
1573755810,339759392,0.549999,3.77,3.18,
1573755810,352023300,0.699999,3.62,3.19,
1573755810,368282381,0.699999,3.8,3.25,
1573755810,384739114,0.699999,3.7,3.27,
1573755810,401183051,0.679998,3.74,3.28,
1573755810,417686225,0.639999,3.75,3.22,
1573755810,434072133,0.9,3.65,3.2,
1573755810,450417342,0.519999,3.77,3.19,
1573755810,466799095,0.509998,3.88,3.18,
1573755810,483189258,0.709999,3.87,3.18,
1573755810,499576405,0.58,3.68,3.18,
1573755810,512016952,0.469999,3.74,3.18,
1573755810,528498542,0.57,3.88,3.21,
1573755810,544956809,0.65,3.65,3.28,
1573755810,561337436,0.57,3.79,3.24,
1573755810,577811827,0.589998,3.64,3.25,
1573755810,594297581,0.699999,3.79,3.26,
1573755810,610675771,0.619999,3.75,3.25,
1573755810,627082846,0.799999,3.71,3.19,
1573755810,643515563,0.689999,3.74,3.18,
1573755810,659939132,0.459999,3.75,3.16,
1573755810,672291696,0.619999,3.69,3.17,
1573755810,688738447,0.519999,3.68,3.18,
1573755810,705150178,0.629999,3.6,3.18,
1573755810,721577166,0.349998,3.84,3.19,
1573755810,738095120,0.67,3.64,3.21,
1573755810,754470461,0.589998,3.67,3.26,
1573755810,770915238,0.639999,3.78,3.25,
1573755810,787327890,0.509998,3.77,3.21,
1573755810,803759699,0.539999,3.76,3.23,
1573755810,816111498,0.41,3.77,3.15,
1573755810,832570252,0.459999,3.74,3.11,
1573755810,848984894,0.629999,3.79,3.16,
1573755810,865376820,0.599998,3.86,3.16,
1573755810,881919209,0.529999,3.74,3.23,
1573755810,898259723,0.629999,3.72,3.28,
1573755810,914716090,0.57,3.6,3.29,
1573755810,931164917,0.709999,3.69,3.21,
1573755810,947576564,0.509998,3.84,3.24,
1573755810,963994482,0.609999,3.66,3.24,
1573755810,977121442,0.689999,3.58,3.24,
1573755810,993557981,0.629999,3.82,3.18,
1573755811,9986074,0.679998,3.62,3.15,
1573755811,26337964,0.709999,3.66,3.18,
1573755811,42842438,0.509998,3.88,3.22,
1573755811,59260181,0.589998,3.69,3.21,
1573755811,75648293,0.529999,3.73,3.26,
1573755811,92090831,0.709999,3.66,3.22,
1573755811,104355758,0.49,3.8,3.22,
1573755811,120713533,0.48,3.73,3.23,
1573755811,137158215,0.83,3.7,3.22,
1573755811,153564847,0.83,3.76,3.2,
1573755811,170008570,0.709999,3.85,3.15,
1573755811,186456266,0.559999,3.81,3.18,
1573755811,202890048,0.42,3.76,3.19,
1573755811,219298910,0.57,3.77,3.15,
1573755811,235665769,0.57,3.65,3.14,
1573755811,252074755,0.439999,3.66,3.25,
1573755811,264457627,0.74,3.56,3.21,
1573755811,280895400,0.57,3.63,3.27,
1573755811,297342665,0.5,3.78,3.27,
1573755811,313823299,0.539999,3.72,3.23,
1573755811,330260889,0.619999,3.68,3.24,
1573755811,346724510,0.639999,3.79,3.23,
1573755811,363125817,0.599998,3.69,3.17,
1573755811,379507719,0.439999,3.54,3.13,
1573755811,395968180,0.559999,3.69,3.1,
1573755811,408390567,0.49,3.64,3.17,
1573755811,424841755,0.67,3.74,3.19,
1573755811,441318209,0.559999,3.7,3.18,
1573755811,457782920,0.73,3.6,3.2,
1573755811,474168553,0.67,3.7,3.17,
1573755811,490585374,0.719999,3.63,3.28,
1573755811,507153316,0.709999,3.78,3.27,
1573755811,523508134,0.789999,3.71,3.19,
1573755811,539948773,0.799999,3.81,3.22,
1573755811,556305729,0.719999,3.67,3.19,
1573755811,568657191,0.549999,3.71,3.17,
1573755811,585106407,0.469999,3.86,3.17,
1573755811,601553413,0.33,3.7,3.21,
1573755811,618089109,0.519999,3.79,3.14,
1573755811,634508518,0.599998,3.76,3.16,
1573755811,650979810,0.65,3.73,3.28,
1573755811,667406089,0.559999,3.54,3.29,
1573755811,683863417,0.589998,3.71,3.27,
1573755811,700302044,0.619999,3.53,3.24,
1573755811,712622423,0.58,3.74,3.21,
1573755811,729068393,0.879999,3.87,3.24,
1573755811,745600782,0.709999,3.83,3.21,
1573755811,762104520,0.49,3.82,3.14,
1573755811,778491188,0.5,3.75,3.21,
1573755811,794971112,0.65,3.57,3.22,
1573755811,811351719,0.599998,3.74,3.24,
1573755811,827843958,0.609999,3.64,3.27,
1573755811,844305428,0.519999,3.43,3.27,
1573755811,856713461,0.599998,3.55,3.24,
1573755811,873112665,0.83,3.76,3.23,
1573755811,889583191,0.609999,3.85,3.19,
1573755811,906091411,0.67,3.77,3.18,
1573755811,922610723,0.609999,3.69,3.14,
1573755811,939108139,0.759998,3.78,3.18,
1573755811,955596889,0.57,3.56,3.19,
1573755811,972047676,0.699999,3.73,3.18,
1573755811,984751533,0.549999,3.78,3.16,
1573755812,1137592,0.67,3.67,3.21,
1573755812,17607194,0.589998,4,3.22,
1573755812,34051027,0.609999,3.84,3.24,
1573755812,50405147,0.539999,3.58,3.23,
1573755812,66757607,0.75,3.61,3.26,
1573755812,83096852,0.73,3.76,3.18,
1573755812,99486129,0.639999,3.83,3.17,
1573755812,115882254,0.679998,3.75,3.19,
1573755812,132334560,0.639999,3.71,3.16,
1573755812,144657497,0.58,3.91,3.13,
1573755812,161146462,0.609999,3.69,3.13,
1573755812,177598489,0.599998,3.68,3.19,
1573755812,194073155,0.539999,3.66,3.25,
1573755812,210537363,0.509998,3.74,3.25,
1573755812,226971163,0.589998,3.7,3.23,
1573755812,243422156,0.65,3.53,3.18,
1573755812,259877978,0.609999,3.73,3.18,
1573755812,276294273,0.67,3.58,3.12,
1573755812,288750331,0.559999,3.66,3.12,
1573755812,305226059,0.689999,3.8,3.15,
1573755812,321665309,0.57,3.77,3.15,
1573755812,338098197,0.5,3.9,3.19,
1573755812,354562128,0.539999,3.59,3.24,
1573755812,370935836,0.65,3.84,3.28,
1573755812,387318255,0.58,3.64,3.28,
1573755812,403851024,0.559999,3.6,3.27,
1573755812,420277051,0.42,3.52,3.27,
1573755812,432769385,0.759998,3.83,3.21,
1573755812,449184840,0.67,3.65,3.19,
1573755812,465574002,0.709999,3.61,3.15,
1573755812,482051052,0.529999,3.81,3.16,
1573755812,498391391,0.619999,3.77,3.14,
1573755812,514895387,0.589998,3.6,3.17,
1573755812,531334272,0.359999,3.8,3.19,
1573755812,547863398,0.75,3.73,3.2,
1573755812,564258169,0.67,3.61,2.85,
1573755812,580678685,1.3,3.62,1.66,
1573755812,593048923,1.4,3.83,1.55,
1573755812,609451182,1.39,3.74,1.51,
1573755812,625899098,1.36,3.78,1.49,
1573755812,642341337,1.2,3.85,1.5,
1573755812,658870532,1.22,3.89,1.44,
1573755812,675342982,1.28,3.71,1.45,
1573755812,691805399,1.18,3.62,1.43,
1573755812,708211002,1.06,3.67,1.47,
1573755812,724689881,1.24,3.65,1.51,
1573755812,737074208,1.47,3.88,1.52,
1573755812,753590680,1.14,3.64,1.55,
1573755812,770008133,1.25,3.72,1.49,
1573755812,786371904,1.31,3.74,1.5,
1573755812,802873773,1.24,3.76,1.52,
1573755812,819334879,1.27,3.95,1.45,
1573755812,835823495,1.23,3.77,1.48,
1573755812,852368718,1.02,3.93,1.42,
1573755812,868846662,1.22,3.78,1.45,
1573755812,881229221,1.14,3.78,1.49,
1573755812,897772185,1.25,3.68,1.52,
1573755812,914227679,1.08,3.68,1.53,
1573755812,930681347,1.24,3.84,1.54,
1573755812,947148798,1.09,3.59,1.52,
1573755812,963592320,1.46,3.75,1.53,
1573755812,980083396,1.3,3.83,1.5,
1573755812,996553204,1.16,3.85,1.42,
1573755813,8961378,1.33,3.69,1.43,
1573755813,25364366,1.17,3.83,1.42,
1573755813,41871710,1.11,3.97,1.39,
1573755813,58298902,1.29,3.74,1.39,
1573755813,74739027,1.06,3.84,1.44,
1573755813,91209270,1.11,3.76,1.42,
1573755813,107673085,1.16,3.66,1.49,
1573755813,124114976,1.14,3.87,1.47,
1573755813,140492302,1.09,3.78,1.49,
1573755813,152968228,1.18,3.86,1.5,
1573755813,169384558,1.24,3.74,1.48,
1573755813,185824537,1.18,3.84,1.43,
1573755813,202290590,1.12,3.93,1.41,
1573755813,218702746,1.28,3.85,1.42,
1573755813,235162720,1.17,3.76,1.43,
1573755813,251547398,1.15,3.76,1.49,
1573755813,267987361,1.18,3.8,1.48,
1573755813,284442339,1.1,3.86,1.53,
1573755813,300791552,1.21,3.66,1.53,
1573755813,313212900,1.26,3.7,1.55,
1573755813,329704970,1.12,3.67,1.56,
1573755813,346201628,1.12,3.68,1.55,
1573755813,362703582,1.21,3.77,1.44,
1573755813,379135055,0.99,4.06,1.43,
1573755813,395527742,1.16,3.87,1.47,
1573755813,412013267,1.14,3.8,1.47,
1573755813,428663445,1.11,3.73,1.43,
1573755813,441114173,1.27,3.83,1.46,
1573755813,457533753,1.05,3.75,1.45,
1573755813,474040058,1.04,3.87,1.46,
1573755813,490524313,1.27,3.64,1.51,
1573755813,507007374,1.16,3.76,1.53,
1573755813,523477220,1.38,3.7,1.54,
1573755813,539994242,1.25,3.79,1.52,
1573755813,556447676,1.24,3.76,1.49,
1573755813,572930437,1.35,3.59,1.38,
1573755813,585269413,1.26,3.91,1.33,
1573755813,601697754,1.16,3.86,1.41,
1573755813,618141377,1.07,3.66,1.52,
1573755813,634707441,0.99,3.84,1.55,
1573755813,651226457,1.26,3.61,1.52,
1573755813,667737513,1.04,3.76,1.5,
1573755813,684152755,1.15,3.78,1.5,
1573755813,700563460,1.24,3.75,1.53,
1573755813,717044540,1.25,3.62,1.55,
1573755813,729372205,1.16,3.91,1.47,
1573755813,745896374,1.2,3.77,1.49,
1573755813,762291757,1.26,3.81,1.49,
1573755813,778686505,1.06,3.82,1.45,
1573755813,795117082,0.939999,3.83,1.45,
1573755813,811552427,1.13,3.83,1.5,
1573755813,827912930,1.15,3.72,1.52,
1573755813,844315936,1.16,3.71,1.53,
1573755813,860740215,1.2,3.78,1.53,
1573755813,873203803,1.24,3.78,1.5,
1573755813,889645647,1.17,3.74,1.5,
1573755813,906013432,1.41,3.84,1.45,
1573755813,922537608,1.23,3.74,1.45,
1573755813,938937757,0.949999,3.78,1.41,
1573755813,955361770,1.15,3.84,1.38,
1573755813,971815598,0.98,3.7,1.43,
1573755813,988218466,1.06,3.78,1.43,
1573755814,4631485,1.12,3.72,1.5,
1573755814,21035314,1.04,3.63,1.51,
1573755814,33334110,1.14,3.76,1.5,
1573755814,49778225,1.08,3.8,1.54,
1573755814,66162135,1.26,3.78,1.54,
1573755814,82594632,1.32,3.86,1.49,
1573755814,99099857,1.21,3.73,1.51,
1573755814,115539134,1.24,3.81,1.43,
1573755814,132041856,1.1,3.67,1.41,
1573755814,148490555,1.01,3.76,1.46,
1573755814,164936591,1.09,3.75,1.5,
1573755814,181334878,1.12,3.72,1.47,
1573755814,193695655,1.11,3.83,1.49,
1573755814,210138455,1.24,3.79,1.58,
1573755814,226587081,1.22,3.76,1.58,
1573755814,243014379,1.17,3.69,1.54,
1573755814,259508682,1.33,3.69,1.55,
1573755814,275960837,1.07,3.74,1.52,
1573755814,292471514,1.05,3.64,1.46,
1573755814,308864561,1.15,3.74,1.46,
1573755814,325323425,1.09,3.77,1.45,
1573755814,337935715,0.98,3.8,1.47,
1573755814,354331966,1.06,3.84,1.48,
1573755814,370754915,1.27,3.69,1.57,
1573755814,387179292,1.03,3.63,1.57,
1573755814,403653337,1.12,3.69,1.6,
1573755814,420190928,1.18,3.77,1.58,
1573755814,436579502,1.34,3.73,1.49,
1573755814,453071135,1.11,3.72,1.51,
1573755814,465351534,1.29,3.82,1.49,
1573755814,481865159,1.14,3.87,1.5,
1573755814,498270059,1.19,3.85,1.47,
1573755814,514726999,0.969999,3.89,1.44,
1573755814,531160706,1.11,3.7,1.43,
1573755814,547647550,1.07,3.6,1.45,
1573755814,564137846,1.27,3.72,1.53,
1573755814,580526664,1.15,3.84,1.52,
1573755814,596903855,1.36,3.63,1.58,
1573755814,613271115,1.13,3.68,1.55,
1573755814,625612067,1.09,3.84,1.54,
1573755814,642011134,1.17,3.76,1.51,
1573755814,658385453,1.33,3.69,1.5,
1573755814,674899449,1.16,3.85,1.5,
1573755814,691406866,1.14,3.64,1.53,
1573755814,707950163,1.14,3.81,1.49,
1573755814,724382390,1.15,3.84,1.53,
1573755814,740839587,0.99,3.93,1.54,
1573755814,757383308,1.26,3.78,1.54,
1573755814,769785820,1.26,3.56,1.61,
1573755814,786136632,1.18,3.69,1.59,
1573755814,802626743,1.24,3.69,1.54,
1573755814,819114481,1.16,3.81,1.52,
1573755814,835546943,1.13,3.82,1.49,
1573755814,852012094,1.12,4.04,1.49,
1573755814,868405744,1.22,3.7,1.47,
1573755814,884842395,1.09,3.77,1.5,
1573755814,901369254,1.29,3.69,1.5,
1573755814,913634668,1.1,3.81,1.54,
1573755814,930106830,1.21,3.79,1.49,
1573755814,946625915,1.32,3.87,1.51,
1573755814,962983361,1.24,3.57,1.55,
1573755814,979386761,1.29,3.6,1.52,
1573755814,995847824,1.25,3.82,1.54,
1573755815,12272770,1.32,3.69,1.48,
1573755815,28742879,1.18,3.77,1.46,
1573755815,45191475,1.23,3.76,1.48,
1573755815,57645286,1.28,3.77,1.45,
1573755815,74013835,1.31,3.73,1.49,
1573755815,90388794,0.99,3.64,1.54,
1573755815,106763279,1.1,3.74,1.55,
1573755815,123248321,1.2,3.75,1.58,
1573755815,139736106,1.21,3.66,1.56,
1573755815,156095499,1.1,3.66,1.54,
1573755815,172633876,1.39,3.75,1.5,
1573755815,189101879,1.28,3.83,1.49,
1573755815,205509243,1.28,3.75,1.49,
1573755815,217888544,1.13,3.78,1.51,
1573755815,234368665,1.21,3.75,1.52,
1573755815,250894422,0.98,3.69,1.54,
1573755815,267328611,1.25,3.81,1.55,
1573755815,283801841,1.12,3.65,1.54,
1573755815,300207600,1.21,3.79,1.57,
1573755815,316571335,1.38,3.74,1.58,
1573755815,333066130,1.16,3.78,1.58,
1573755815,349390528,1.11,3.87,1.54,
1573755815,361782492,1.11,3.67,1.51,
1573755815,378175905,1.12,3.77,1.5,
1573755815,394557081,1.23,3.81,1.52,
1573755815,411094137,1.17,3.81,1.46,
1573755815,427464167,1.3,3.78,1.49,
1573755815,443974632,1.05,3.58,1.55,
1573755815,460336512,1.27,3.81,1.54,
1573755815,476775602,1.22,3.79,1.58,
1573755815,493232002,1.11,3.61,1.56,
1573755815,505848280,1.26,3.71,1.54,
1573755815,522462555,1.12,3.75,1.59,
1573755815,538992990,1.06,3.79,1.59,
1573755815,555779442,1.16,3.69,1.5,
1573755815,572182456,1.13,3.8,1.5,
1573755815,588656630,1.05,3.77,1.53,
1573755815,605072215,1.16,3.91,1.49,
1573755815,621566778,1.19,3.75,1.51,
1573755815,634052385,1.11,3.75,1.45,
1573755815,650621155,1.31,3.8,1.58,
1573755815,666953893,1.1,3.84,1.6,
1573755815,683374727,1.23,3.65,1.56,
1573755815,699771899,1.11,3.71,1.56,
1573755815,716161016,1.28,3.74,1.59,
1573755815,732577651,1.37,3.79,1.55,
1573755815,749083229,1.33,3.75,1.55,
1573755815,765498482,1.13,3.82,1.48,
1573755815,781867237,1.27,3.78,1.51,
1573755815,794131398,1.13,3.88,1.52,
1573755815,810604728,0.91,3.87,1.55,
1573755815,827100052,1.03,3.88,1.54,
1573755815,843536055,1.07,3.75,1.58,
1573755815,860068505,1.2,3.8,1.52,
1573755815,876543230,1.15,3.68,1.57,
1573755815,893000149,1.28,3.51,1.6,
1573755815,909413623,1.21,3.84,1.54,
1573755815,925880493,1.47,3.84,1.5,
1573755815,938164665,1.24,3.7,1.51,
1573755815,954610110,1.09,3.97,1.5,
1573755815,970993850,1.36,3.63,1.49,
1573755815,987347210,1.26,3.67,1.48,
1573755816,3812701,1.11,3.58,1.53,
1573755816,20296678,1.12,3.63,1.51,
1573755816,36770049,1.23,3.68,1.51,
1573755816,53331464,1.15,3.78,1.61,
1573755816,69762507,1.17,3.92,1.61,
1573755816,82098483,1.17,3.75,1.51,
1573755816,98501256,1.21,3.56,1.49,
1573755816,114966927,1.08,3.83,1.44,
1573755816,131414441,1.27,3.73,1.5,
1573755816,147846622,1.18,3.72,1.5,
1573755816,164333293,1.05,3.81,1.55,
1573755816,180800820,1.06,3.86,1.52,
1573755816,197232048,1.22,3.69,1.56,
1573755816,213572132,1.1,3.84,1.5,
1573755816,229855932,1.22,3.87,1.49,
1573755816,242083871,1.2,3.66,1.5,
1573755816,258357970,1.4,3.56,1.5,
1573755816,274843207,1.21,3.68,1.56,
1573755816,291233546,1.19,3.71,1.49,
1573755816,307593327,1.33,3.61,1.43,
1573755816,324086547,1.14,3.67,1.48,
1573755816,340547649,1.05,3.78,1.47,
1573755816,357050860,1.15,3.76,1.46,
1573755816,373463201,0.99,3.77,1.52,
1573755816,389847699,1.02,3.82,1.49,
1573755816,402148599,1.24,3.77,1.58,
1573755816,418537542,1.28,3.73,1.59,
1573755816,435051682,1.37,3.56,1.57,
1573755816,451458075,1.41,3.8,1.55,
1573755816,467854844,1.24,3.74,1.51,
1573755816,484270370,1.24,3.8,1.5,
1573755816,500789279,1.23,3.81,1.45,
1573755816,517182205,1.21,3.83,1.49,
1573755816,533619165,1.21,3.8,1.48,
1573755816,550062658,1.25,3.72,1.54,
1573755816,562414847,1.25,3.76,1.58,
1573755816,578900395,1.22,3.77,1.56,
1573755816,595393484,1.13,3.83,1.6,
1573755816,611886773,1.15,3.82,1.56,
1573755816,628402771,1.08,3.87,1.48,
1573755816,644825646,1.31,3.79,1.49,
1573755816,661354758,1.34,3.77,1.46,
1573755816,677873151,1.13,3.75,1.46,
1573755816,690328012,1.05,3.76,1.48,
1573755816,706801659,1.28,3.69,1.48,
1573755816,723253250,1.19,3.68,1.48,
1573755816,739684488,1.19,3.89,1.48,
1573755816,756048940,1.29,3.81,1.52,
1573755816,772458481,1.24,3.71,1.5,
1573755816,788920015,1.04,3.71,1.53,
1573755816,805572826,1.16,3.79,1.53,
1573755816,821981082,1.22,3.67,1.55,
1573755816,834368056,1.1,3.88,1.47,
1573755816,850769186,1.26,3.76,1.49,
1573755816,867206228,1.24,3.75,1.45,
1573755816,883560482,1.23,3.77,1.46,
1573755816,899922336,1.08,3.77,1.47,
1573755816,916375880,1.1,3.66,1.44,
1573755816,932906160,1.12,3.71,1.5,
1573755816,949349491,1.08,3.67,1.56,
1573755816,965765362,1.3,3.65,1.59,
1573755816,982156552,1.3,3.8,1.51,
1573755816,994538697,1.4,3.74,1.52,
1573755817,10985551,1.2,3.83,1.53,
1573755817,27313542,1.21,3.88,1.51,
1573755817,43722625,1.14,3.64,1.66,
1573755817,60205831,1.07,3.79,1.9,
1573755817,76708608,1.01,3.8,1.99,
1573755817,93134160,0.91,3.77,2.04,
1573755817,109632729,0.859999,3.63,2.09,
1573755817,126174104,1.03,3.72,2.09,
1573755817,138543060,0.98,3.6,2.13,
1573755817,154929202,0.799999,3.9,2.04,
1573755817,171432708,0.719999,3.82,2.91,
1573755817,187962538,0.879999,3.69,3.06,
1573755817,204350395,0.839998,3.69,2.98,
1573755817,220792909,0.789999,3.76,2.93,
1573755817,237183646,0.589998,3.79,2.89,
1573755817,253636286,0.549999,3.71,2.92,
1573755817,270047764,0.599998,3.59,2.93,
1573755817,282549844,0.599998,3.69,2.95,
1573755817,299029205,0.619999,3.66,2.92,
1573755817,315497103,0.689999,3.77,2.97,
1573755817,332027745,0.699999,3.63,3,
1573755817,348428360,0.849998,3.6,2.96,
1573755817,364870044,0.74,3.64,2.97,
1573755817,381596506,0.809999,3.68,2.97,
1573755817,398113797,0.57,3.78,2.92,
1573755817,410592336,0.629999,3.64,2.95,
1573755817,427078585,0.58,3.63,3.13,
1573755817,443528205,1.03,3.77,2.01,
1573755817,460058025,0.99,3.89,1.86,
1573755817,476508938,0.619999,3.71,3.1,
1573755817,493021710,0.65,3.75,3.25,
1573755817,509380186,0.719999,3.82,3.28,
1573755817,525900976,0.709999,3.7,3.27,
1573755817,542352762,0.67,3.67,3.32,
1573755817,554641022,0.65,3.6,3.25,
1573755817,571111128,0.719999,3.75,3.19,
1573755817,587633122,0.42,3.75,3.2,
1573755817,604051511,0.639999,3.69,3.11,
1573755817,620536970,0.779999,3.81,3.14,
1573755817,637007912,0.49,3.91,3.18,
1573755817,653436579,0.519999,3.82,3.25,
1573755817,669887770,0.57,3.67,3.22,
1573755817,686299348,0.779999,3.76,3.18,
1573755817,698655994,0.689999,3.79,3.21,
1573755817,715022984,0.65,3.77,3.25,
1573755817,731529994,0.719999,3.61,3.23,
1573755817,748058710,0.66,3.73,3.14,
1573755817,764535418,0.609999,3.65,3.12,
1573755817,780959073,0.589998,3.68,3.17,
1573755817,797402969,0.619999,3.91,3.2,
1573755817,813888508,0.459999,3.64,3.2,
1573755817,830366286,0.619999,3.69,3.23,
1573755817,842777201,0.67,3.77,3.21,
1573755817,859148034,0.629999,3.65,3.22,
1573755817,875736318,0.75,3.63,3.22,
1573755817,892165120,0.769999,3.76,3.22,
1573755817,908575224,0.539999,3.71,3.17,
1573755817,925031385,0.589998,3.75,3.29,
1573755817,941463301,0.619999,3.69,3.23,
1573755817,957884019,0.679998,3.87,3.19,
1573755817,974333428,0.67,3.82,3.16,
1573755817,986825329,0.769999,3.57,3.18,
1573755818,3225398,0.759998,3.61,3.26,
1573755818,19646295,0.559999,3.74,3.26,
1573755818,36125611,0.5,3.59,3.25,
1573755818,52480269,0.599998,3.78,3.22,
1573755818,68920971,0.66,3.75,3.19,
1573755818,85456781,0.709999,3.69,3.25,
1573755818,101874338,0.599998,3.89,3.26,
1573755818,118390629,0.509998,3.88,3.21,
1573755818,130875407,0.699999,3.65,3.17,
1573755818,147301147,0.83,3.68,3.14,
1573755818,163639263,0.639999,3.77,3.18,
1573755818,180077003,0.689999,3.81,3.18,
1573755818,196557839,0.49,3.61,3.23,
1573755818,213020603,0.57,3.64,3.25,
1573755818,229355068,0.5,3.63,3.24,
1573755818,245694495,0.619999,3.69,3.28,
1573755818,262112002,0.609999,3.87,3.21,
1573755818,278600819,0.849998,3.83,3.27,
1573755818,290971397,0.469999,3.83,3.22,
1573755818,307420918,0.719999,3.71,3.2,
1573755818,323935241,0.769999,3.67,3.18,
1573755818,340378467,0.699999,3.98,3.17,
1573755818,356797893,0.41,3.7,3.15,
1573755818,373292099,0.689999,3.69,3.17,
1573755818,389786457,0.599998,3.72,3.21,
1573755818,406233389,0.559999,3.66,3.25,
1573755818,422705675,0.529999,3.7,3.25,
1573755818,435034237,0.82,3.71,3.26,
1573755818,451435605,0.539999,3.76,3.29,
1573755818,467862597,0.73,3.76,3.29,
1573755818,484249194,0.809999,3.81,3.21,
1573755818,500806961,0.809999,3.91,3.17,
1573755818,517220669,0.74,3.84,3.18,
1573755818,533705481,0.67,3.67,3.17,
1573755818,550443378,0.609999,3.7,3.17,
1573755818,566907253,0.619999,3.86,3.21,
1573755818,579251336,0.58,3.65,3.26,
1573755818,595720028,0.66,3.57,3.29,
1573755818,612139792,0.5,3.78,3.28,
1573755818,628564502,0.529999,3.85,3.26,
1573755818,644962256,0.5,3.86,3.27,
1573755818,661381960,0.49,3.79,3.26,
1573755818,677879346,0.679998,3.81,3.18,
1573755818,694413300,0.759998,3.61,3.14,
1573755818,710868650,0.65,3.76,3.08,
1573755818,723203181,0.629999,3.76,3.17,
1573755818,739674715,0.639999,3.86,3.17,
1573755818,756134555,0.589998,3.74,3.14,
1573755818,772508063,0.719999,3.75,3.19,
1573755818,788929883,0.74,3.77,3.24,
1573755818,805367852,0.709999,3.57,3.24,
1573755818,821681394,0.549999,3.77,3.23,
1573755818,837955627,0.49,3.77,3.18,
1573755818,854191086,0.679998,3.55,3.16,
1573755818,870477461,0.73,3.84,3.16,
1573755818,886739416,0.57,3.8,3.19,
1573755818,903026349,0.679998,3.95,3.15,
1573755818,915202375,0.539999,3.76,3.14,
1573755818,931462001,0.519999,3.83,3.17,
1573755818,947839893,0.689999,3.93,3.21,
1573755818,964293766,0.689999,3.85,3.27,
1573755818,980554351,0.75,3.59,3.27,
1573755818,996788209,0.66,3.64,3.25,
1573755819,13079548,0.73,3.74,3.25,
1573755819,29369569,0.549999,3.77,3.23,
1573755819,45657826,0.509998,3.76,3.19,
1573755819,61939400,0.609999,3.71,3.17,
1573755819,78231554,0.629999,3.7,3.2,
1573755819,94523382,0.42,3.81,3.18,
1573755819,110792256,0.459999,3.8,3.15,
1573755819,127044493,0.559999,3.77,3.22,
1573755819,139221550,0.439999,3.7,3.23,
1573755819,155573248,0.65,3.59,3.24,
1573755819,171897038,0.689999,3.77,3.22,
1573755819,188163170,0.75,3.69,3.3,
1573755819,204498809,0.549999,3.75,3.31,
1573755819,220821108,0.719999,3.74,3.24,
1573755819,237133342,0.679998,3.72,3.22,
1573755819,253437384,0.73,3.72,3.22,
1573755819,269768258,0.469999,3.94,3.2,
1573755819,286030632,0.589998,3.74,3.22,
1573755819,302321684,0.769999,3.85,3.2,
1573755819,318613074,0.65,3.47,3.21,
1573755819,334938133,0.699999,3.68,3.22,
1573755819,351200357,0.619999,3.81,3.24,
1573755819,363498812,0.689999,3.69,3.27,
1573755819,379819332,0.589998,3.69,3.3,
1573755819,396139920,0.789999,3.78,3.22,
1573755819,412462937,0.679998,3.88,3.15,
1573755819,428747613,0.699999,3.7,3.18,
1573755819,445037142,0.57,3.74,3.16,
1573755819,461337062,0.609999,3.65,3.15,
1573755819,477652506,0.58,3.69,3.23,
1573755819,493998606,0.529999,3.76,3.24,
1573755819,510362049,0.58,3.65,3.26,
1573755819,526693270,0.589998,3.71,3.26,
1573755819,542975988,0.67,3.64,3.27,
1573755819,559311869,0.75,3.85,3.29,
1573755819,571512394,0.41,3.89,3.3,
1573755819,587894630,0.759998,3.64,3.3,
1573755819,604276705,0.589998,3.7,3.22,
1573755819,620683482,0.589998,3.67,3.19,
1573755819,637086926,0.619999,3.73,3.17,
1573755819,653483477,0.529999,3.69,3.16,
1573755819,669844729,0.429998,3.69,3.14,
1573755819,686249818,0.559999,3.81,3.22,
1573755819,702684144,0.619999,3.57,3.21,
1573755819,719075325,0.619999,3.86,3.24,
1573755819,731506138,0.849998,3.69,3.24,
1573755819,747983819,0.859999,3.69,3.21,
1573755819,764372450,0.74,3.72,3.25,
1573755819,780754254,0.529999,4,3.21,
1573755819,797148321,0.639999,3.83,3.2,
1573755819,813482861,0.559999,3.66,3.23,
1573755819,829898889,0.58,3.8,3.18,
1573755819,846248969,0.589998,3.83,3.18,
1573755819,862767314,0.74,3.65,3.17,
1573755819,879173316,0.589998,3.68,3.24,
1573755819,891642876,0.619999,3.7,3.23,
1573755819,908096141,0.65,3.75,3.27,
1573755819,924438128,0.529999,3.79,3.22,
1573755819,940897938,0.459999,3.83,3.22,
1573755819,957298157,0.809999,3.84,3.2,
1573755819,973790779,0.599998,3.64,3.22,
1573755819,990179857,0.679998,3.74,3.19,
1573755820,6590097,0.589998,3.81,3.14,
1573755820,23087555,0.509998,3.58,3.14,
1573755820,39567259,0.679998,3.67,3.19,
1573755820,51920183,0.639999,3.83,3.22,
1573755820,68343562,0.709999,3.78,3.23,
1573755820,84905611,0.549999,3.66,3.24,
1573755820,101302985,0.639999,3.96,3.25,
1573755820,117859190,0.809999,3.76,3.22,
1573755820,134223735,0.67,3.6,3.21,
1573755820,150671026,0.719999,3.72,3.18,
1573755820,167128433,0.619999,3.71,3.19,
1573755820,179619998,0.58,3.64,3.19,
1573755820,196067093,0.66,3.75,3.16,
1573755820,212586065,0.58,3.61,3.17,
1573755820,229104475,0.73,3.71,3.18,
1573755820,245507243,0.699999,3.71,3.25,
1573755820,261907682,0.519999,3.82,3.24,
1573755820,278365827,0.629999,3.79,3.23,
1573755820,294878309,0.769999,3.64,3.26,
1573755820,311352667,0.719999,3.74,3.25,
1573755820,323914799,0.66,3.78,3.25,
1573755820,340271422,0.689999,3.75,3.23,
1573755820,356701288,0.559999,3.69,3.15,
1573755820,373167640,0.42,3.8,3.12,
1573755820,389596404,0.619999,3.83,3.16,
1573755820,406061521,0.549999,3.74,3.2,
1573755820,422532333,0.65,3.69,3.26,
1573755820,438925557,0.789999,3.76,3.24,
1573755820,455445706,0.769999,3.76,3.25,
1573755820,467774098,0.859999,3.64,3.26,
1573755820,484283480,0.839998,3.74,3.25,
1573755820,500792221,0.589998,3.74,3.21,
1573755820,517272796,0.699999,3.83,3.19,
1573755820,533692574,0.589998,3.88,3.18,
1573755820,550172857,0.58,3.79,3.18,
1573755820,566592121,0.679998,3.83,3.21,
1573755820,583040339,0.48,3.77,3.18,
1573755820,599441038,0.699999,3.82,3.27,
1573755820,611824382,0.559999,3.87,3.25,
1573755820,628261074,0.689999,3.59,3.32,
1573755820,644695851,0.609999,3.78,3.29,
1573755820,661157866,0.58,3.81,3.26,
1573755820,677565502,0.699999,3.85,3.22,
1573755820,694157710,0.639999,3.67,3.16,
1573755820,710630153,0.529999,3.84,3.13,
1573755820,727068090,0.539999,3.73,3.13,
1573755820,743518208,0.66,3.71,3.15,
1573755820,755911348,0.41,3.85,3.16,
1573755820,772336959,0.57,3.78,3.17,
1573755820,788865683,0.629999,3.68,3.22,
1573755820,805274395,0.57,3.67,3.28,
1573755820,821759834,0.58,3.7,3.29,
1573755820,838248769,0.809999,3.99,3.25,
1573755820,854622651,0.839998,3.89,3.27,
1573755820,871118552,0.509998,3.88,3.26,
1573755820,887561471,0.699999,3.7,3.22,
1573755820,899997420,0.449999,3.89,3.15,
1573755820,916467739,0.539999,3.72,3.18,
1573755820,933012087,0.559999,3.71,3.18,
1573755820,949483075,0.58,3.83,3.19,
1573755820,965902647,0.57,3.7,3.24,
1573755820,982344036,0.699999,3.61,3.22,
1573755820,998886033,0.75,3.86,3.29,
1573755821,15342427,0.599998,3.64,3.29,
1573755821,31781271,0.789999,3.63,3.24,
1573755821,44112567,0.639999,3.68,3.24,
1573755821,60515627,0.789999,3.78,3.17,
1573755821,76913245,0.599998,3.94,3.15,
1573755821,93320126,0.529999,3.95,3.19,
1573755821,109711474,0.369999,3.75,3.23,
1573755821,126311086,0.58,3.71,3.25,
1573755821,142860713,0.66,3.82,3.3,
1573755821,159313794,0.709999,3.75,3.23,
1573755821,175865079,0.679998,3.85,3.3,
1573755821,188228532,0.759998,3.57,3.33,
1573755821,204690852,0.67,3.67,3.31,
1573755821,221110802,0.73,3.93,3.24,
1573755821,237632400,0.449999,3.83,3.25,
1573755821,254193575,0.65,3.83,3.25,
1573755821,270638084,0.49,3.56,3.19,
1573755821,287072060,0.689999,3.64,3.17,
1573755821,303449556,0.629999,3.71,3.24,
1573755821,319943385,0.49,3.76,3.25,
1573755821,332255984,0.57,3.77,3.28,
1573755821,348619248,0.589998,3.79,3.28,
1573755821,365095899,0.629999,3.76,3.31,
1573755821,381516609,0.719999,3.66,3.35,
1573755821,397899529,0.759998,3.77,3.3,
1573755821,414295208,1.03,3.78,3.26,
1573755821,430679290,0.759998,3.57,3.3,
1573755821,447122553,0.549999,3.78,3.25,
1573755821,463579481,0.549999,3.7,3.16,
1573755821,480003912,0.49,3.81,3.2,
1573755821,492331063,0.58,3.75,3.23,
1573755821,508819186,0.469999,3.8,3.21,
1573755821,525342505,0.509998,3.8,3.27,
1573755821,541789222,0.769999,3.7,3.34,
1573755821,558262418,0.679998,3.81,3.24,
1573755821,574626310,0.789999,3.68,3.27,
1573755821,591253793,0.66,3.79,3.22,
1573755821,607737623,0.599998,3.92,3.24,
1573755821,624154722,0.619999,3.7,3.19,
1573755821,636433053,0.509998,3.84,3.17,
1573755821,652811873,0.599998,3.79,3.14,
1573755821,669201720,0.609999,3.85,3.2,
1573755821,685650251,0.609999,3.71,3.25,
1573755821,702189238,0.619999,3.78,3.21,
1573755821,718713668,0.589998,3.71,3.27,
1573755821,735208872,0.619999,3.69,3.27,
1573755821,751687854,0.65,3.74,3.26,
1573755821,768083166,0.849998,3.67,3.23,
1573755821,780504258,0.33,3.62,3.33,
1573755821,797003110,0.139999,3.2,3.5,
1573755821,813338985,-0.470001,2.89,3.51,
1573755821,829764637,1.08,2.82,2.08,
1573755821,846147682,1.57,3.5,2.1,
1573755821,862565861,2.27,3.18,2.21,
1573755821,879031030,2.69,2.93,2.75,
1573755821,895457128,1.61,3.03,2.66,
1573755821,911843724,1.77,2.09,1.7,
1573755821,928198182,1.65,2.47,1.53,
1573755821,940582364,1.02,2.16,1.86,
1573755821,957074189,1.03,2.88,2.14,
1573755821,973516060,1.2,2.97,2.79,
1573755821,990037620,1.53,3.11,2.38,
1573755822,6424040,1.57,2.79,1.57,
1573755822,22874374,0.42,2.43,2.12,
1573755822,39319505,1.39,4.05,2.65,
1573755822,55753107,0.839998,4.9,2.33,
1573755822,72233025,0.619999,2.86,3.19,
1573755822,84549272,0.5,1.66,3.31,
1573755822,101070369,0.619999,1.35,2.71,
1573755822,117485276,0.769999,3.59,2.54,
1573755822,133990934,-0.630001,5.52,3.3,
1573755822,150378136,-1.18,5.84,3.53,
1573755822,167047475,-0.68,5.28,2.89,
1573755822,183575089,0.339998,2.56,2.91,
1573755822,200010468,0.679998,0.83,2.96,
1573755822,212444684,0.289999,2.49,3.01,
1573755822,228847857,-0.560001,4.2,3.32,
1573755822,245311756,-0.93,5.06,3.49,
1573755822,261785133,-1.72,7.49,3.43,
1573755822,278191061,-1.2,6.34,3.46,
1573755822,294666754,-0.85,5.59,3.35,
1573755822,311039117,0.4,3.49,3,
1573755822,327472727,0.449999,2.4,3.03,
1573755822,343974534,-0.310001,4.31,3.31,
1573755822,356461505,-0.84,5.7,3.48,
1573755822,372918387,-2.51,7.1,3.42,
1573755822,389323120,-1.46,5.52,3.52,
1573755822,405779684,-1.34,5.01,3.37,
1573755822,422155321,0.0599995,1.62,3.31,
1573755822,438595499,-0.820002,3.63,3.17,
1573755822,455030399,-1.57,6.05,3.19,
1573755822,471364193,-2.73,7.58,3.01,
1573755822,487770156,-2.69,7,2.88,
1573755822,504307330,-2.6,5.67,3.15,
1573755822,516666566,-2.31,5.81,3.25,
1573755822,533102396,-2.16,6.25,3.28,
1573755822,549556662,-2.63,7.63,2.86,
1573755822,565994260,-2.94,7.07,3.03,
1573755822,582367930,-3.21,5.88,2.75,
1573755822,598724750,-2.42,5.9,2.82,
1573755822,615127946,-2.07,4.99,2.08,
1573755822,631592115,-1.76,6.39,1.72,
1573755822,648071307,-0.710001,7.66,1.46,
1573755822,664443280,-2.11,7.35,2.89,
1573755822,676785648,-2.23,5.53,3.34,
1573755822,693299256,-2.62,5.6,3.32,
1573755822,709752819,-2.6,6.05,3.06,
1573755822,726186529,-2.14,6.28,3.19,
1573755822,742686665,-2.73,7.24,3.1,
1573755822,759091842,-2.55,7.06,3.43,
1573755822,775636095,-2.38,6.15,3.54,
1573755822,792103777,-2.34,5.13,3.55,
1573755822,808508544,-2.25,5.57,3.34,
1573755822,820892332,-1.63,6.49,1.6,
1573755822,837380505,-2.32,6.46,1.25,
1573755822,853892674,-2.41,6.45,1.39,
1573755822,870329070,-2.63,5.66,2.92,
1573755822,886765044,-2.35,6.34,3.39,
1573755822,903254981,-2.53,7.11,3.39,
1573755822,919668545,-2.27,6.79,3.31,
1573755822,936088910,-2.42,6.92,3.2,
1573755822,952575785,-3.02,5.71,3.24,
1573755822,964857272,-2.96,5.7,3.27,
1573755822,981467655,-2.65,6.54,3.32,
1573755822,997929023,-2.25,7.04,3.38,
1573755823,14304217,-2.08,7.03,2.55,
1573755823,30743588,-1.76,6.22,2.41,
1573755823,47230618,-2.7,5.05,3.03,
1573755823,63694923,-2.61,4.79,3.16,
1573755823,80130593,-3.07,6.71,3.13,
1573755823,96562866,-2.88,6.36,3.2,
1573755823,108836460,-2.39,6.82,3.25,
1573755823,125330915,-2.36,7.15,3.23,
1573755823,141680690,-2.92,5.1,3.5,
1573755823,158137802,-3.02,4.91,3.33,
1573755823,174542245,-3.54,5.83,2.94,
1573755823,191073814,-2.66,7.36,2.98,
1573755823,207601135,-3.29,7.09,2.72,
1573755823,224157348,-2.7,5.84,2.94,
1573755823,240588271,-3.12,6.18,3.09,
1573755823,253013323,-2.89,5.95,3.38,
1573755823,269407091,-3.21,7,3.06,
1573755823,285843269,-3.43,6.94,3.05,
1573755823,302232709,-3.11,5.58,2.88,
1573755823,318625849,-3.12,5.58,2.59,
1573755823,335109896,-3.11,5.8,2.7,
1573755823,351538731,-2.88,6.67,3.03,
1573755823,367912534,-2.54,7.22,3,
1573755823,384299197,-2.49,6.15,1.45,
1573755823,400753766,-2.61,5.31,1.22,
1573755823,413058290,-2.47,4.98,1.3,
1573755823,429419489,-2.53,6.34,0.949999,
1573755823,445763572,-2.65,6.7,0.799999,
1573755823,462240454,-2.85,7.15,0.799999,
1573755823,478620897,-2.42,5.74,1.25,
1573755823,495106410,-2.31,4.56,1.24,
1573755823,511541347,-2.16,5.17,1.35,
1573755823,528008065,-2.15,6.04,1.51,
1573755823,544427870,-2.64,6.91,2.71,
1573755823,560858698,-3.64,6.88,2.35,
1573755823,573193033,-3.54,6.12,2.35,
1573755823,589600658,-3.4,4.97,2.37,
1573755823,605967301,-3.2,4.96,2.52,
1573755823,622429506,-3.09,6.1,2.7,
1573755823,638945317,-3.38,7.13,2.39,
1573755823,655289765,-3.24,6.32,1.61,
1573755823,671734043,-2.81,5.43,1.14,
1573755823,688287266,-3.21,5.64,1.28,
1573755823,704756908,-3.26,4.32,2.52,
1573755823,717049220,-3.48,5.53,2.53,
1573755823,733591595,-3.82,6.32,2.35,
1573755823,750011553,-3.61,6.64,2.21,
1573755823,766489609,-3.43,6.53,2.24,
1573755823,783007941,-2.58,5.28,1.29,
1573755823,799406217,-2.42,4.75,1.05,
1573755823,815780428,-3.03,5.2,0.529999,
1573755823,832217690,-2.73,6.59,0.49,
1573755823,848677580,-3.39,6.19,0.309999,
1573755823,861085544,-3.07,5.88,0.539999,
1573755823,877461698,-3.45,4.88,0.15,
1573755823,893842551,-2.81,4.97,0.91,
1573755823,910265829,-2.63,5.96,0.719999,
1573755823,926732635,-2.72,6.32,0.699999,
1573755823,943210146,-2.95,6.07,0.449999,
1573755823,959732585,-2.99,6.11,0.389999,
1573755823,976134912,-3.93,4.7,-0.1,
1573755823,992589052,-3.04,6.3,0,
1573755824,8979969,-3.14,7.28,0.759998,
1573755824,21341887,-3.46,6.55,2.48,
1573755824,37797625,-3.59,5.84,2.56,
1573755824,54186580,-3.78,4.2,2.3,
1573755824,70583204,-4.02,4.47,2.32,
1573755824,87072974,-4.06,5.33,2.07,
1573755824,103433234,-3.62,6.33,2.13,
1573755824,119919827,-3.84,6.05,2.14,
1573755824,136412155,-3.84,5.85,2.16,
1573755824,152950999,-3.69,4.24,2.56,
1573755824,165251533,-3.78,4.7,2.7,
1573755824,181674098,-3.65,5.33,2.67,
1573755824,198169644,-3.27,6.23,2.47,
1573755824,214574373,-3.46,7.05,2.1,
1573755824,230952419,-3.89,6,2.01,
1573755824,247343142,-4,5.53,2.17,
1573755824,263775794,-3.74,4.78,2.49,
1573755824,280233918,-3.67,5.05,2.36,
1573755824,296628073,-3.74,6.36,2.25,
1573755824,312970911,-4.15,6.24,1.65,
1573755824,325392104,-4.55,6.43,1.46,
1573755824,341857231,-4.29,5.01,1.83,
1573755824,358300014,-4.59,4.14,1.94,
1573755824,374779961,-4.32,5.43,1.82,
1573755824,391274040,-4.01,6.09,1.82,
1573755824,407736002,-3.94,5.01,1.89,
1573755824,424304145,-4.44,5.34,1.69,
1573755824,440744976,-4.37,5.54,1.64,
1573755824,457118565,-4.11,5.37,0.49,
1573755824,469483498,-3.33,5.66,0.139999,
1573755824,485890381,-3.41,6.01,0.429998,
1573755824,502310724,-3.88,4.33,2,
1573755824,518778711,-3.96,4.48,2.26,
1573755824,535256428,-4.09,6.03,1.97,
1573755824,551757663,-4.49,6.74,1.43,
1573755824,568247572,-4.31,6.62,1.75,
1573755824,584798754,-4.07,4.91,1.98,
1573755824,601267628,-4.23,4,2.17,
1573755824,613640359,-4.64,4.01,2.16,
1573755824,630057514,-4.04,6.01,1.82,
1573755824,646448436,-4.48,6.88,1.74,
1573755824,662900327,-4.44,7.07,1.43,
1573755824,679366414,-4.35,6.04,1.82,
1573755824,695822292,-4.4,4.36,2.01,
1573755824,712359090,-4.18,4.42,2,
1573755824,728886711,-4.35,4.75,1.86,
1573755824,745328657,-4.37,5.68,2.15,
1573755824,757616559,-4.58,6.76,1.51,
1573755824,774095404,-4.66,5.88,1.61,
1573755824,790509158,-4.47,4.14,2.25,
1573755824,807013474,-4.41,4.64,2.29,
1573755824,823491407,-4.14,4.9,2.58,
1573755824,840019097,-4.13,5.91,2.41,
1573755824,856435226,-4.51,6.02,1.68,
1573755824,872866448,-4.7,5.89,1.67,
1573755824,889393137,-4.6,5.45,1.79,
1573755824,901767589,-4.29,4.4,2.4,
1573755824,918234256,-4.32,4.27,2.18,
1573755824,934576303,-4.53,5.32,2.26,
1573755824,951056342,-4.34,5.28,2.15,
1573755824,967417222,-4.65,5.64,1.83,
1573755824,983808355,-4.62,5.24,1.71,
1573755825,237142,-4.64,5.02,1.96,
1573755825,16710469,-4.56,5.88,2.08,
1573755825,33035178,-4.55,6.13,2.13,
1573755825,49449251,-4.81,5.14,1.63,
1573755825,61853668,-4.66,4.54,2.4,
1573755825,78290369,-4.49,4.88,2.17,
1573755825,94824948,-4.82,5.67,1.34,
1573755825,111282479,-4.51,6.04,1.97,
1573755825,127787792,-4.56,6.11,1.68,
1573755825,144222644,-3.95,4.47,2.06,
1573755825,160732007,-3.71,4.9,3.1,
1573755825,177176343,-4.39,4.43,1.49,
1573755825,189689053,-4.45,5.75,1.28,
1573755825,206170462,-4.74,6.93,1.3,
1573755825,222665525,-4.39,5.49,2.34,
1573755825,239154691,-4.02,4.65,3.81,
1573755825,255623212,-4.15,4.8,3.94,
1573755825,272128927,-4.28,5.3,2.44,
1573755825,288546665,-4.82,5.8,1.96,
1573755825,305106343,-5.05,6.1,1.23,
1573755825,321491386,-5.1,5.14,2.01,
1573755825,333791152,-4.45,5.6,3.16,
1573755825,350340944,-4.32,6.06,3.22,
1573755825,366743406,-4.25,5.69,3.28,
1573755825,383185181,-4.05,4.16,3.75,
1573755825,399650252,-4.34,4.56,2.81,
1573755825,416104459,-4.95,5.74,1.87,
1573755825,432584322,-5.38,6.22,1.09,
1573755825,448968772,-4.87,6.15,1.73,
1573755825,465387309,-3.92,5.47,2.27,
1573755825,477801628,-3.9,4.71,3.65,
1573755825,494223011,-3.27,3.81,3.77,
1573755825,510594981,-3.53,5.67,2.55,
1573755825,526994121,-3.73,6.48,1.58,
1573755825,543369602,-3.65,6.44,-0.150002,
1573755825,559849930,-3.85,5.82,-0.17,
1573755825,576307024,-3.37,4.38,0.769999,
1573755825,592735154,-2.86,4.23,1.69,
1573755825,609163011,-3.05,5.39,1.75,
1573755825,625620530,-2.84,5.6,1.57,
1573755825,637976154,-2.97,6.19,1.05,
1573755825,654430511,-3.02,5.83,1.13,
1573755825,670822485,-3.02,4.79,0.82,
1573755825,687369664,-3.57,5.16,1.33,
1573755825,703897534,-4.37,5.47,2.37,
1573755825,720395597,-4.24,5.46,2.08,
1573755825,736908188,-4.1,6.24,2.39,
1573755825,753235187,-3.52,5.38,3.59,
1573755825,769643171,-3.39,4.64,3.76,
1573755825,781947041,-3.11,5.23,3.84,
1573755825,798381113,-3.6,5.92,2.4,
1573755825,814797248,-3.56,5.26,2.83,
1573755825,831303453,-4.02,5.35,2.87,
1573755825,847806493,-4.24,6.02,2.56,
1573755825,864211386,-3.38,5.17,3.74,
1573755825,880608493,-3.34,5.48,3.46,
1573755825,897126311,-3.44,5.76,3.35,
1573755825,913585562,-2.98,5.53,4.77,
1573755825,925973972,-3.36,4.83,3.6,
1573755825,942449794,-3.92,5.01,2.88,
1573755825,958919544,-3.95,5.33,2.16,
1573755825,975277771,-4.05,5.53,1.77,
1573755825,991758275,-3.6,6.06,3.31,
1573755826,8247274,-3.75,6.05,3.01,
1573755826,24724966,-3.7,4.25,3.66,
1573755826,41182079,-3.58,4.76,3.31,
1573755826,57620147,-3.81,5.75,2.16,
1573755826,70031641,-4.22,5.55,1.7,
1573755826,86466236,-4.13,5.64,2.05,
1573755826,102952819,-3.23,5.67,3.64,
1573755826,119435716,-3.16,5.59,3.85,
1573755826,135915675,-3.25,5.57,3.85,
1573755826,152348806,-3.11,5.6,3.7,
1573755826,168719842,-3.17,5.18,3.51,
1573755826,185168950,-3.7,5.58,2.77,
1573755826,201613459,-3.63,5.4,3.02,
1573755826,214094926,-3.96,5.84,3.09,
1573755826,230601686,-3.85,5.02,3.35,
1573755826,247021982,-3.75,3.98,3,
1573755826,263476638,-3.33,4.21,2.84,
1573755826,279866915,-3.1,5.63,2.83,
1573755826,296289373,-3.79,5.62,1.83,
1573755826,312813799,-3.57,5.8,3.52,
1573755826,329250857,-3.56,5.76,3.1,
1573755826,345674707,-3.39,4.17,3.64,
1573755826,358106868,-3.58,4.36,2.49,
1573755826,374491188,-3.55,5.68,2.81,
1573755826,390981962,-3.6,6.05,3.07,
1573755826,407494465,-3.73,6.11,2.62,
1573755826,423984700,-3.79,5.94,2.56,
1573755826,440364408,-3.7,5.32,2.61,
1573755826,456841507,-3.23,5.35,3.6,
1573755826,473294944,-3.36,5.21,3.85,
1573755826,489814769,-3.36,4.65,3.64,
1573755826,502183986,-3.45,4.05,3.76,
1573755826,518665570,-2.98,5.3,4.02,
1573755826,535135872,-3.41,5.92,2.54,
1573755826,551628325,-3.76,5.76,2.54,
1573755826,568067540,-3.75,6.54,2.37,
1573755826,584592657,-4.16,5.55,2.08,
1573755826,601080297,-4.39,4.19,2.6,
1573755826,617589723,-3.42,4.9,3.45,
1573755826,634078086,-3.58,5.92,2.52,
1573755826,646366469,-3.52,5.66,2.57,
1573755826,662811276,-3.32,4.86,2.54,
1573755826,679285961,-3.35,4.5,3.45,
1573755826,695732875,-2.81,5.27,4.15,
1573755826,712168263,-3.14,5.85,3.36,
1573755826,728552135,-3.06,5.85,3.79,
1573755826,745012976,-3.17,5.87,3.47,
1573755826,761452639,-3.34,5.37,3.29,
1573755826,777898586,-3.38,5.37,3.52,
1573755826,790273713,-3.46,5.52,3.1,
1573755826,806798191,-3.49,5.43,2.6,
1573755826,823206074,-2.89,4.93,3.95,
1573755826,839692665,-2.79,5.23,4.14,
1573755826,856056479,-2.81,5.72,4.39,
1573755826,872532661,-3.36,4.87,2.7,
1573755826,889069288,-3.49,5.09,3.1,
1573755826,905550444,-3.16,5.65,3.37,
1573755826,922013556,-3.22,5.4,2.88,
1573755826,934377328,-3.08,5.76,4.45,
1573755826,950838154,-3.24,5.43,3.63,
1573755826,967338863,-3.19,4.94,3.75,
1573755826,983786595,-3.35,5.2,3.05,
1573755827,324945,-3.22,5.73,3.59,
1573755827,16765421,-3.15,5.3,2.73,
1573755827,33303929,-3.72,4.96,2.39,
1573755827,49835645,-3.72,5.34,2.26,
1573755827,62267875,-3.14,5.13,3.92,
1573755827,78671628,-2.96,4.64,4.25,
1573755827,95077404,-2.92,6.19,4.31,
1573755827,111589103,-2.62,5.34,1.82,
1573755827,128120791,-2.33,4.32,2.29,
1573755827,144602046,-2.69,5.16,1.69,
1573755827,161108837,-2.87,4.67,1.09,
1573755827,177485472,-3.29,5.58,-0.0300007,
1573755827,193947185,-3.49,6.09,-0.110001,
1573755827,206349948,-3.01,5.97,-0.34,
1573755827,222884427,-2.57,5.79,2,
1573755827,239304731,-2.53,5.72,1.92,
1573755827,255821659,-2.93,5.72,1.32,
1573755827,272308976,-2.99,5.54,0.919998,
1573755827,288818780,-2.96,5.6,0.949999,
1573755827,305227664,-2.99,5.78,0.879999,
1573755827,321647343,-2.8,5.69,1.45,
1573755827,338137396,-2.7,5.73,1.34,
1573755827,350493349,-2.72,5.66,1.31,
1573755827,366950006,-2.85,5.44,0.9,
1573755827,383425609,-2.58,5.79,1.75,
1573755827,399872817,-2.55,5.77,1.87,
1573755827,416462131,-2.44,5.64,2.19,
1573755827,432978971,-2.5,5.69,2.23,
1573755827,449375185,-2.64,5.58,1.5,
1573755827,465753990,-2.74,5.45,1.32,
1573755827,482175566,-2.65,5.6,1.64,
1573755827,494472730,-2.61,5.68,1.86,
1573755827,510978404,-2.59,5.69,1.66,
1573755827,527442305,-2.52,5.78,1.88,
1573755827,543934989,-2.61,5.67,1.48,
1573755827,560373032,-2.63,5.66,1.78,
1573755827,576755523,-2.62,5.7,1.64,
1573755827,593276339,-2.59,5.72,1.6,
1573755827,609683434,-2.53,5.81,1.96,
1573755827,626137278,-2.5,5.59,1.88,
1573755827,638593518,-2.46,5.7,1.86,
1573755827,655066797,-2.6,5.69,1.64,
1573755827,671612304,-2.69,5.62,1.55,
1573755827,688046642,-2.66,5.65,1.6,
1573755827,704513212,-2.58,5.8,1.75,
1573755827,720931584,-2.56,5.69,1.78,
1573755827,737402804,-2.61,5.83,1.66,
1573755827,753879095,-2.63,5.63,1.78,
1573755827,770314844,-2.45,5.69,2.01,
1573755827,782660604,-2.46,5.72,1.84,
1573755827,799223963,-2.39,5.89,2.04,
1573755827,815690764,-2.45,5.67,1.72,
1573755827,832152450,-2.46,5.77,1.86,
1573755827,848563877,-2.59,5.65,1.61,
1573755827,865044653,-2.68,5.76,1.34,
1573755827,881519741,-2.74,5.68,1.4,
1573755827,897938405,-2.61,5.63,1.71,
1573755827,914333710,-2.56,5.87,1.77,
1573755827,926722600,-2.6,5.78,1.76,
1573755827,943163014,-2.59,5.64,1.76,
1573755827,959593891,-2.5,5.75,2.16,
1573755827,976156725,-2.44,5.7,1.87,
1573755827,992605472,-2.47,5.78,1.94,
1573755828,9092166,-2.59,5.59,1.63,
1573755828,25502862,-2.46,5.72,2.1,
1573755828,41859535,-2.63,5.7,1.8,
1573755828,58296263,-2.79,5.68,1.38,
1573755828,74726888,-2.76,5.74,1.31,
1573755828,87064396,-2.67,5.73,1.33,
1573755828,103416135,-2.67,5.58,1.47,
1573755828,119746809,-2.66,5.63,1.54,
1573755828,136074804,-2.59,5.75,1.66,
1573755828,152363157,-2.53,5.8,1.92,
1573755828,168749142,-2.56,5.56,1.79,
1573755828,185019183,-2.59,5.76,1.6,
1573755828,201296364,-2.65,5.75,1.61,
1573755828,217799527,-2.68,5.65,1.45,
1573755828,234108178,-2.66,5.6,1.51,
1573755828,250534445,-2.66,5.66,1.49,
1573755828,262876137,-2.63,5.72,1.63,
1573755828,279301943,-2.64,5.79,1.78,
1573755828,295664961,-2.56,5.79,1.8,
1573755828,312034852,-2.54,5.63,1.83,
1573755828,328352423,-2.55,5.53,1.62,
1573755828,344677355,-2.41,5.75,2.11,
1573755828,361060354,-2.46,5.64,2.2,
1573755828,377342801,-2.44,5.65,1.92,
1573755828,393732775,-2.41,5.81,1.79,
1573755828,410048187,-2.62,5.76,1.44,
1573755828,426452246,-2.73,5.66,1.48,
1573755828,438877514,-2.71,5.57,1.56,
1573755828,455275400,-2.68,5.57,1.42,
1573755828,471723570,-2.68,5.75,1.38,
1573755828,488116299,-2.6,5.65,1.58,
1573755828,504558529,-2.53,5.63,1.75,
1573755828,521059394,-2.52,5.73,1.73,
1573755828,537526674,-2.53,5.48,1.86,
1573755828,554027539,-2.52,5.53,1.8,
1573755828,570491765,-2.44,5.78,1.71,
1573755828,582964919,-2.59,5.65,1.68,
1573755828,599434054,-2.71,5.68,1.56,
1573755828,615928250,-2.77,5.66,1.19,
1573755828,632346008,-2.74,5.7,1.37,
1573755828,648809745,-2.63,5.63,1.53,
1573755828,665223788,-2.53,5.65,2.06,
1573755828,681615477,-2.54,5.58,1.61,
1573755828,698064421,-2.6,5.67,1.65,
1573755828,714551963,-2.56,5.62,1.89,
1573755828,731058291,-2.55,5.73,1.8,
1573755828,743462616,-2.54,5.78,1.59,
1573755828,759960784,-2.65,5.7,1.67,
1573755828,776373450,-2.76,5.7,1.52,
1573755828,792779926,-2.76,5.59,1.56,
1573755828,809158473,-2.72,5.61,1.47,
1573755828,825563521,-2.53,5.75,1.8,
1573755828,841952705,-2.58,5.63,1.5,
1573755828,858304468,-2.6,5.65,1.53,
1573755828,874749624,-2.49,5.69,2.01,
1573755828,887135378,-2.45,5.52,2.1,
1573755828,903532178,-2.48,5.84,2.02,
1573755828,919969935,-2.54,5.65,1.7,
1573755828,936412248,-2.62,5.55,1.34,
1573755828,952886059,-2.61,5.64,1.68,
1573755828,969228236,-2.67,5.67,1.57,
1573755828,985605009,-2.68,5.7,1.5,
1573755829,1976278,-2.64,5.74,1.6,
1573755829,18390073,-2.57,5.7,1.7,
1573755829,34838185,-2.58,5.51,1.73,
1573755829,47255908,-2.48,5.77,1.83,
1573755829,63719205,-2.43,5.67,2.15,
1573755829,80165290,-2.46,5.76,2.05,
1573755829,96577857,-2.47,5.53,1.99,
1573755829,112955769,-2.48,5.47,1.83,
1573755829,129283134,-2.57,5.62,1.52,
1573755829,145706483,-2.71,5.56,1.61,
1573755829,162098642,-2.69,5.67,1.39,
1573755829,178511800,-2.65,5.54,1.31,
1573755829,194880664,-2.69,5.51,1.21,
1573755829,207261821,-2.63,5.55,1.62,
1573755829,223660561,-2.72,5.51,1.2,
1573755829,240029271,-2.65,5.47,1.12,
1573755829,256404025,-2.56,5.69,1.71,
1573755829,272874976,-2.51,5.77,2.03,
1573755829,289149876,-2.43,5.94,1.78,
1573755829,305672849,-2.55,5.62,1.71,
1573755829,322004578,-2.58,5.77,1.7,
1573755829,338409036,-2.54,5.69,1.62,
1573755829,354805427,-2.54,5.76,1.65,
1573755829,367256875,-2.7,5.67,1.47,
1573755829,383589131,-2.67,5.75,1.39,
1573755829,399836784,-2.63,5.66,1.45,
1573755829,416289200,-2.53,5.91,1.92,
1573755829,432703084,-2.55,5.65,2.05,
1573755829,449023337,-2.59,5.54,1.58,
1573755829,465468524,-2.54,5.7,1.64,
1573755829,481947513,-2.59,5.67,1.6,
1573755829,498332669,-2.6,5.77,1.64,
1573755829,514660479,-2.59,5.68,1.68,
1573755829,531200712,-2.61,5.58,1.52,
1573755829,543672005,-2.79,5.59,1.25,
1573755829,560152874,-2.81,5.45,1.07,
1573755829,576611845,-2.53,5.72,1.72,
1573755829,593111729,-2.43,5.58,1.88,
1573755829,609478262,-2.48,5.77,1.98,
1573755829,625880859,-2.41,5.76,2.16,
1573755829,642274992,-2.39,5.72,2.18,
1573755829,658769348,-2.51,5.63,1.81,
1573755829,675180261,-2.62,5.52,1.48,
1573755829,687503104,-2.63,5.54,1.42,
1573755829,703921073,-2.7,5.66,1.5,
1573755829,720459527,-2.71,5.59,1.59,
1573755829,736935694,-2.82,5.62,1.27,
1573755829,753315366,-2.8,5.67,1.17,
1573755829,769782882,-2.61,5.71,1.64,
1573755829,786315716,-2.57,5.7,1.96,
1573755829,802765126,-2.53,5.6,1.76,
1573755829,819202794,-2.49,5.74,1.86,
1573755829,831523908,-2.46,5.75,1.86,
1573755829,848029624,-2.57,5.69,1.58,
1573755829,864540464,-2.58,5.52,1.7,
1573755829,881060310,-2.61,5.66,1.96,
1573755829,897538870,-2.68,5.58,1.62,
1573755829,914044768,-2.67,5.55,1.47,
1573755829,930469735,-2.64,5.41,1.64,
1573755829,947039235,-2.59,5.78,1.63,
1573755829,959401870,-2.58,5.6,1.73,
1573755829,975827763,-2.52,5.87,1.98,
1573755829,992191202,-2.66,5.64,1.57,
1573755830,8640888,-2.52,5.67,1.49,
1573755830,25098231,-2.63,5.55,1.64,
1573755830,41524846,-2.66,5.7,1.61,
1573755830,57933059,-2.78,5.63,1.32,
1573755830,74648218,-2.69,5.64,1.5,
1573755830,91144529,-2.76,5.67,1.15,
1573755830,103586209,-2.68,5.66,1.55,
1573755830,120062930,-2.67,5.72,1.41,
1573755830,136578164,-2.59,5.7,1.78,
1573755830,153126633,-2.53,5.82,1.88,
1573755830,169804621,-2.5,5.71,1.75,
1573755830,186208253,-2.48,5.77,1.89,
1573755830,202628851,-2.47,5.71,1.82,
1573755830,219058868,-2.53,5.68,1.94,
1573755830,235434765,-2.64,5.77,1.55,
1573755830,247805087,-2.75,5.69,1.29,
1573755830,264214726,-2.67,5.55,1.5,
1573755830,280696072,-2.61,5.63,1.67,
1573755830,297137364,-2.69,5.61,1.31,
1573755830,313510478,-2.48,5.71,1.71,
1573755830,329998081,-2.56,5.69,1.78,
1573755830,346395056,-2.59,5.7,1.61,
1573755830,362881341,-2.56,5.7,1.64,
1573755830,379374071,-2.47,5.73,1.98,
1573755830,391819163,-2.59,5.59,1.89,
1573755830,408251892,-2.71,5.76,1.54,
1573755830,424826989,-2.6,5.61,1.7,
1573755830,441169972,-2.64,5.7,1.67,
1573755830,457576201,-2.8,5.59,1.17,
1573755830,474137866,-2.76,5.75,1.36,
1573755830,490625415,-2.58,5.74,1.53,
1573755830,507086370,-2.61,5.8,1.55,
1573755830,523476421,-2.55,5.53,1.45,
1573755830,535779421,-2.41,5.64,1.68,
1573755830,552226816,-2.48,5.59,1.89,
1573755830,568642911,-2.61,5.8,1.59,
1573755830,585042472,-2.59,5.61,1.65,
1573755830,601457035,-2.58,5.61,1.81,
1573755830,617985405,-2.65,5.61,1.42,
1573755830,634444427,-2.62,5.65,1.3,
1573755830,650899750,-2.77,5.5,1.15,
1573755830,667411423,-2.75,5.55,1.22,
1573755830,679820481,-2.57,5.56,1.53,
1573755830,696253204,-2.48,5.65,1.95,
1573755830,712695665,-2.59,5.65,1.62,
1573755830,729153357,-2.48,5.61,1.88,
1573755830,745679158,-2.46,5.57,2.11,
1573755830,762111901,-2.58,5.59,1.9,
1573755830,778612873,-2.61,5.64,1.7,
1573755830,795092403,-2.6,5.72,1.56,
1573755830,811541850,-2.66,5.76,1.44,
1573755830,823936292,-2.69,5.6,1.38,
1573755830,840378025,-2.64,5.59,1.38,
1573755830,856918207,-2.76,5.63,0.939999,
1573755830,873426496,-2.56,5.74,1.5,
1573755830,889892363,-2.61,5.73,1.49,
1573755830,906388150,-2.63,5.71,1.5,
1573755830,922879592,-2.56,5.71,1.68,
1573755830,939401764,-2.52,5.68,1.74,
1573755830,955868504,-2.52,5.66,1.76,
1573755830,968215643,-2.65,5.68,1.45,
1573755830,984600138,-2.61,5.73,1.37,
1573755831,964102,-2.66,5.65,1.23,
1573755831,17398873,-2.69,5.69,1.72,
1573755831,33879077,-2.71,5.69,1.39,
1573755831,50391136,-2.59,5.73,1.79,
1573755831,66874461,-2.5,5.72,1.79,
1573755831,83370119,-2.53,5.74,1.82,
1573755831,99844367,-2.54,5.61,1.52,
1573755831,112202906,-2.45,5.73,1.91,
1573755831,128667895,-2.52,5.68,1.88,
1573755831,145095744,-2.59,5.72,1.67,
1573755831,161552289,-2.72,5.57,1.54,
1573755831,178076413,-2.7,5.58,1.67,
1573755831,194621010,-2.67,5.58,1.3,
1573755831,211051445,-2.67,5.76,1.54,
1573755831,227457716,-2.68,5.69,1.51,
1573755831,243954443,-2.64,5.54,1.56,
1573755831,256252660,-2.54,5.72,2.01,
1573755831,272841325,-2.51,5.63,1.82,
1573755831,289289088,-2.54,5.77,1.78,
1573755831,305786880,-2.56,5.48,1.88,
1573755831,322265810,-2.55,5.62,1.74,
1573755831,338799004,-2.64,5.53,1.62,
1573755831,355280062,-2.67,5.58,1.41,
1573755831,371709010,-2.71,5.6,1.25,
1573755831,384087744,-2.68,5.53,1.47,
1573755831,400579194,-2.66,5.56,1.27,
1573755831,417080072,-2.61,5.74,1.74,
1573755831,433473870,-2.69,5.65,1.6,
1573755831,449906140,-2.55,5.8,1.86,
1573755831,466327595,-2.49,5.46,1.77,
1573755831,482856118,-2.5,5.49,1.53,
1573755831,499256138,-2.46,5.66,1.82,
1573755831,515727653,-2.58,5.6,1.38,
1573755831,528163684,-2.53,5.56,1.54,
1573755831,544622184,-2.58,5.73,1.54,
1573755831,561059299,-2.57,5.73,1.58,
1573755831,577463160,-2.73,5.6,1.12,
1573755831,593949026,-2.66,5.75,1.36,
1573755831,610345236,-2.61,5.62,1.62,
1573755831,626791251,-2.65,5.55,1.5,
1573755831,643201278,-2.56,5.62,1.69,
1573755831,659649133,-2.68,5.37,1.51,
1573755831,672144510,-2.62,5.54,1.26,
1573755831,688658839,-2.59,5.47,1.53,
1573755831,705147493,-2.63,5.61,1.73,
1573755831,721571527,-2.73,5.6,1.33,
1573755831,738078853,-2.77,5.52,1.29,
1573755831,754483281,-2.8,5.48,1.19,
1573755831,770976954,-2.72,5.59,1.31,
1573755831,787391906,-2.67,5.55,1.36,
1573755831,803914871,-2.5,5.64,1.88,
1573755831,816284416,-2.44,5.88,2.02,
1573755831,832770369,-2.53,5.75,1.7,
1573755831,849280923,-2.5,5.81,1.79,
1573755831,865659515,-2.44,5.89,2.08,
1573755831,882114833,-2.58,5.72,1.54,
1573755831,898576271,-2.67,5.59,1.49,
1573755831,915031521,-2.61,5.71,1.48,
1573755831,931438667,-2.69,5.64,1.34,
1573755831,947977139,-2.7,5.66,1.35,
1573755831,960341908,-2.61,5.69,1.47,
1573755831,976827486,-2.61,5.61,1.41,
1573755831,993381140,-2.61,5.62,1.51,
1573755832,9918956,-2.59,5.77,1.78,
1573755832,26414879,-2.53,5.62,1.56,
1573755832,42960482,-2.45,5.64,1.84,
1573755832,59414804,-2.51,5.75,1.81,
1573755832,75859174,-2.6,5.68,1.56,
1573755832,92266327,-2.57,5.68,1.73,
1573755832,104638472,-2.59,5.78,1.62,
1573755832,121134013,-2.74,5.54,1.19,
1573755832,137518273,-2.44,5.88,1.79,
1573755832,153970502,-2.53,5.61,1.71,
1573755832,170372157,-2.49,5.75,1.86,
1573755832,186892966,-2.41,5.73,1.82,
1573755832,203365661,-2.44,5.67,1.84,
1573755832,219776108,-2.5,5.64,1.68,
1573755832,236215935,-2.55,5.64,1.74,
1573755832,248590778,-2.62,5.53,1.47,
1573755832,265021665,-2.62,5.63,1.4,
1573755832,281450826,-2.67,5.48,1.54,
1573755832,297871493,-2.65,5.63,1.47,
1573755832,314342370,-2.69,5.44,1.35,
1573755832,330788080,-2.62,5.73,1.74,
1573755832,347213189,-2.55,5.7,1.74,
1573755832,363570169,-2.51,5.64,1.65,
1573755832,379885997,-2.49,5.67,1.85,
1573755832,396180755,-2.52,5.67,1.67,
1573755832,408388726,-2.46,5.62,1.67,
1573755832,424686210,-2.48,5.66,1.77,
1573755832,441030728,-2.56,5.59,1.72,
1573755832,457318844,-2.56,5.67,1.85,
1573755832,473669946,-2.65,5.39,1.24,
1573755832,490041475,-2.6,5.63,1.5,
1573755832,506358028,-2.6,5.7,1.58,
1573755832,522763206,-2.61,5.6,1.47,
1573755832,539170076,-2.53,5.7,1.69,
1573755832,555463538,-2.52,5.74,1.67,
1573755832,571879115,-2.62,5.41,1.38,
1573755832,588211044,-2.66,5.56,1.36,
1573755832,600469724,-2.54,5.57,1.33,
1573755832,616827607,-2.6,5.51,1.59,
1573755832,633085988,-2.61,5.58,1.39,
1573755832,649383540,-2.57,5.56,1.43,
1573755832,665728117,-2.6,5.62,1.61,
1573755832,682051248,-2.71,5.53,1.37,
1573755832,698454777,-2.6,5.75,1.47,
1573755832,714870465,-2.58,5.78,1.6,
1573755832,731274828,-2.51,5.77,1.7,
1573755832,747719427,-2.45,5.58,1.78,
1573755832,764175366,-2.4,5.67,1.94,
1573755832,776511162,-2.54,5.6,1.73,
1573755832,792947116,-2.52,5.63,1.5,
1573755832,809376225,-2.57,5.61,1.66,
1573755832,825934915,-2.6,5.64,1.78,
1573755832,842357488,-2.79,5.57,1.08,
1573755832,858847040,-2.73,5.56,0.959999,
1573755832,875396252,-2.64,5.6,1.17,
1573755832,891885908,-2.54,5.74,1.72,
1573755832,908323566,-2.46,5.67,1.82,
1573755832,920605335,-2.53,5.66,1.78,
1573755832,937012757,-2.46,5.67,1.72,
1573755832,953379181,-2.5,5.68,1.71,
1573755832,969687686,-2.49,5.65,1.63,
1573755832,986090819,-2.54,5.54,1.28,
1573755833,2523230,-2.61,5.64,1.31,
1573755833,19007130,-2.66,5.49,1.42,
1573755833,35403385,-2.72,5.51,1.31,
1573755833,51858972,-2.73,5.51,1.3,
1573755833,68306353,-2.72,5.6,1.22,
1573755833,80631167,-2.55,5.72,1.62,
1573755833,97028356,-2.49,5.66,1.99,
1573755833,113439945,-2.43,5.81,1.95,
1573755833,129930751,-2.45,5.83,1.72,
1573755833,146428399,-2.53,5.62,1.55,
1573755833,162913739,-2.55,5.65,1.62,
1573755833,179310099,-2.54,5.72,1.54,
1573755833,195767318,-2.65,5.51,1.33,
1573755833,212200908,-2.67,5.49,1.31,
1573755833,228573629,-2.68,5.48,1.48,
1573755833,240825880,-2.53,5.62,1.49,
1573755833,257249200,-2.6,5.59,1.39,
1573755833,273595099,-2.57,5.6,1.31,
1573755833,289992188,-2.53,5.68,1.8,
1573755833,306380792,-2.5,5.74,1.92,
1573755833,322848012,-2.48,5.71,1.64,
1573755833,339248860,-2.63,5.52,1.58,
1573755833,355737978,-2.6,5.59,1.55,
1573755833,372214258,-2.6,5.48,1.54,
1573755833,388673072,-2.66,5.65,1.5,
1573755833,401009618,-2.66,5.65,1.46,
1573755833,417475883,-2.69,5.5,1.07,
1573755833,433924273,-2.64,5.75,1.38,
1573755833,450315267,-2.59,5.59,1.77,
1573755833,466800939,-2.55,5.68,1.71,
1573755833,483254842,-2.45,5.78,2.01,
1573755833,499651150,-2.48,5.7,1.84,
1573755833,516119748,-2.5,5.78,1.7,
1573755833,532466309,-2.52,5.61,1.64,
1573755833,548808846,-2.55,5.67,1.78,
1573755833,561217975,-2.67,5.53,1.61,
1573755833,577681999,-2.74,5.58,1.24,
1573755833,594064525,-2.64,5.6,1.47,
1573755833,610461037,-2.57,5.63,1.39,
1573755833,626914817,-2.68,5.59,1.04,
1573755833,643418801,-2.56,5.68,1.79,
1573755833,659916271,-2.49,5.81,1.65,
1573755833,676383619,-2.49,5.74,1.74,
1573755833,692795667,-2.53,5.57,1.58,
1573755833,705143718,-2.63,5.67,1.49,
1573755833,721518494,-2.65,5.47,1.38,
1573755833,737882230,-2.6,5.67,1.53,
1573755833,754192049,-2.64,5.59,1.45,
1573755833,770542206,-2.73,5.64,1.26,
1573755833,786875265,-2.68,5.56,1.46,
1573755833,803288408,-2.56,5.59,1.66,
1573755833,820005163,-2.57,5.6,1.78,
1573755833,836285151,-2.57,5.56,1.7,
1573755833,852692214,-2.53,5.61,1.65,
1573755833,868959547,-2.53,5.67,1.87,
1573755833,881158335,-2.46,5.78,1.85,
1573755833,897668376,-2.51,5.61,1.83,
1573755833,914102607,-2.58,5.51,1.38,
1573755833,930589399,-2.64,5.65,1.47,
1573755833,946961638,-2.66,5.59,1.43,
1573755833,963381554,-2.62,5.65,1.44,
1573755833,979749432,-2.62,5.69,1.47,
1573755833,996200513,-2.6,5.61,1.64,
1573755834,12543097,-2.5,5.76,1.96,
1573755834,28845736,-2.46,5.79,1.93,
1573755834,41159351,-2.5,5.7,1.87,
1573755834,57620968,-2.5,5.5,1.74,
1573755834,74089822,-2.5,5.58,1.7,
1573755834,90494026,-2.53,5.75,1.49,
1573755834,107008111,-2.55,5.68,1.53,
1573755834,123427188,-2.55,5.6,1.56,
1573755834,139905828,-2.64,5.74,1.41,
1573755834,156446955,-2.72,5.6,1.09,
1573755834,172835355,-2.61,5.65,1.54,
1573755834,185173834,-2.53,5.71,1.73,
1573755834,201525223,-2.63,5.55,1.39,
1573755834,217847753,-2.59,5.47,1.33,
1573755834,234163539,-2.47,5.61,1.79,
1573755834,250608055,-2.44,5.65,1.9,
1573755834,267039179,-2.48,5.76,1.78,
1573755834,283421932,-2.65,5.7,1.42,
1573755834,299973112,-2.7,5.57,1.14,
1573755834,316426966,-2.72,5.66,1.39,
1573755834,332751384,-2.59,5.76,1.41,
1573755834,349081405,-2.65,5.53,1.33,
1573755834,361352663,-2.71,5.58,1.22,
1573755834,377631259,-2.69,5.62,1.43,
1573755834,393938918,-2.59,5.54,1.69,
1573755834,410202846,-2.45,5.68,1.96,
1573755834,426541051,-2.6,5.58,1.51,
1573755834,442910915,-2.63,5.5,1.26,
1573755834,459321459,-2.66,5.7,1.25,
1573755834,475578184,-2.57,5.85,1.79,
1573755834,491834057,-2.52,5.77,1.66,
1573755834,508084760,-2.69,5.56,1.37,
1573755834,524549325,-2.63,5.56,1.31,
1573755834,540846836,-2.68,5.81,1.37,
1573755834,557219507,-2.45,5.71,1.92,
1573755834,569541556,-2.42,5.73,1.89,
1573755834,585873574,-2.55,5.62,1.58,
1573755834,602249498,-2.48,5.67,1.88,
1573755834,618610591,-2.47,5.65,2.05,
1573755834,635094349,-2.54,5.6,1.54,
1573755834,651569631,-2.71,5.57,1.32,
1573755834,668073293,-2.67,5.5,1.57,
1573755834,684525554,-2.68,5.54,1.4,
1573755834,701027455,-2.66,5.65,1.41,
1573755834,713385905,-2.71,5.69,1.58,
1573755834,729856373,-2.54,5.56,1.57,
1573755834,746342699,-2.57,5.67,1.38,
1573755834,762795113,-2.6,5.58,1.61,
1573755834,779157362,-2.56,5.55,1.42,
1573755834,795544789,-2.54,5.55,1.78,
1573755834,811992731,-2.52,5.7,1.61,
1573755834,828536703,-2.67,5.55,1.49,
1573755834,845026025,-2.64,5.59,1.43,
1573755834,857352423,-2.62,5.77,1.45,
1573755834,873862325,-2.54,5.83,1.57,
1573755834,890348081,-2.77,5.59,1.06,
1573755834,906762063,-2.61,5.61,1.4,
1573755834,923238358,-2.52,5.67,1.62,
1573755834,939732645,-2.51,5.71,1.65,
1573755834,956271352,-2.66,5.43,1.12,
1573755834,972733967,-2.59,5.64,1.31,
1573755834,989040430,-2.52,5.69,1.76,
1573755835,1327853,-2.72,5.77,1.43,
1573755835,17798814,-2.71,5.51,1.24,
1573755835,34114777,-2.69,5.61,1.3,
1573755835,50505162,-2.59,5.65,1.38,
1573755835,66995871,-2.73,5.63,1.15,
1573755835,83465700,-2.7,5.42,1.1,
1573755835,99838723,-2.77,5.52,1.06,
1573755835,116252334,-2.39,5.83,2.04,
1573755835,132647300,-2.49,5.72,1.57,
1573755835,149040479,-2.47,5.58,1.8,
1573755835,165404825,-2.43,5.82,1.62,
1573755835,177827390,-2.41,5.7,1.94,
1573755835,194341966,-2.63,5.57,1.29,
1573755835,210778159,-2.63,5.69,1.17,
1573755835,227139315,-2.74,5.64,1.47,
1573755835,243532673,-2.67,5.53,1.19,
1573755835,259873057,-2.63,5.5,1.32,
1573755835,276211669,-2.71,5.59,1.37,
1573755835,292536197,-2.6,5.66,1.52,
1573755835,308775936,-2.53,5.68,1.54,
1573755835,325060483,-2.54,5.74,1.63,
1573755835,341603742,-2.6,5.68,1.48,
1573755835,353925151,-2.56,5.67,1.58,
1573755835,370216617,-2.56,5.63,1.62,
1573755835,386572240,-2.51,5.71,1.69,
1573755835,402972734,-2.48,5.76,1.42,
1573755835,419330677,-2.52,5.76,1.57,
1573755835,435897425,-2.67,5.5,1.12,
1573755835,452531680,-2.7,5.78,1.34,
1573755835,468999956,-2.66,5.62,1.61,
1573755835,485368625,-2.52,5.82,1.46,
1573755835,497699268,-2.53,5.59,1.56,
1573755835,514161134,-2.47,5.81,1.7,
1573755835,530625819,-2.46,5.56,1.57,
1573755835,547120323,-2.56,5.58,1.7,
1573755835,563535563,-2.7,5.61,1.43,
1573755835,580831952,-2.76,5.61,1.25,
1573755835,597330103,-2.69,5.73,1.35,
1573755835,610247791,-2.72,5.55,1,
1573755835,626673307,-2.72,5.6,1.26,
1573755835,643105762,-2.7,5.57,1.49,
1573755835,659576561,-2.63,5.52,1.59,
1573755835,676096604,-2.62,5.65,1.47,
1573755835,692519038,-2.57,5.69,1.41,
1573755835,708928771,-2.56,5.68,1.53,
1573755835,725431203,-2.5,5.62,1.79,
1573755835,738036764,-2.54,5.74,1.43,
1573755835,754591511,-2.61,5.65,1.53,
1573755835,771027082,-2.71,5.5,1.22,
1573755835,787538178,-2.8,5.58,0.949999,
1573755835,803993105,-2.75,5.66,1.04,
1573755835,820470769,-2.71,5.52,1.11,
1573755835,836915718,-2.64,5.64,1.27,
1573755835,853339445,-2.61,5.73,1.71,
1573755835,865810523,-2.63,5.73,1.48,
1573755835,882245944,-2.61,5.69,1.46,
1573755835,898900992,-2.5,5.68,1.58,
1573755835,915408892,-2.54,5.58,1.63,
1573755835,931793900,-2.73,5.55,1.25,
1573755835,948169806,-2.61,5.51,1.63,
1573755835,964690490,-2.67,5.6,1.11,
1573755835,981136465,-2.7,5.71,1.34,
1573755835,997588387,-2.83,5.58,1.01,
1573755836,9927743,-2.55,5.62,1.39,
1573755836,26487367,-2.54,5.59,1.64,
1573755836,43012951,-2.53,5.68,1.72,
1573755836,59457205,-2.55,5.54,1.59,
1573755836,75976582,-2.55,5.67,1.73,
1573755836,92442460,-2.51,5.77,1.62,
1573755836,108871713,-2.66,5.56,1.23,
1573755836,125298600,-2.66,5.61,1.35,
1573755836,141826150,-2.68,5.59,1.55,
1573755836,154105118,-2.78,5.39,1.19,
1573755836,170537008,-2.61,5.45,1.7,
1573755836,187019387,-2.6,5.58,1.56,
1573755836,203514876,-2.53,5.63,1.59,
1573755836,220099454,-2.5,5.68,1.7,
1573755836,236522957,-2.49,5.62,1.7,
1573755836,252902981,-2.46,5.72,1.67,
1573755836,269364073,-2.45,5.66,1.69,
1573755836,285868844,-2.6,5.57,1.48,
1573755836,298190130,-2.67,5.6,1.26,
1573755836,314737920,-2.64,5.63,1.3,
1573755836,331154088,-2.62,5.53,1.29,
1573755836,347574419,-2.76,5.48,0.769999,
1573755836,364071402,-2.67,5.55,1.41,
1573755836,380434594,-2.6,5.81,1.29,
1573755836,396838943,-2.66,5.69,1.44,
1573755836,413233313,-2.52,5.75,1.5,
1573755836,429628704,-2.5,5.61,1.67,
1573755836,445969677,-2.48,5.83,1.64,
1573755836,458257043,-2.47,5.73,1.69,
1573755836,474873176,-2.56,5.67,1.71,
1573755836,491349252,-2.59,5.72,1.48,
1573755836,507870032,-2.49,5.58,1.7,
1573755836,524256749,-2.58,5.68,1.4,
1573755836,540774213,-2.6,5.58,1.4,
1573755836,557260352,-2.61,5.66,1.55,
1573755836,573774684,-2.49,5.73,1.61,
1573755836,586172439,-2.49,5.73,1.56,
1573755836,602630551,-2.53,5.74,1.55,
1573755836,619108265,-2.57,5.6,1.59,
1573755836,635860161,-2.5,5.57,1.58,
1573755836,652274934,-2.52,5.62,1.7,
1573755836,668665956,-2.67,5.6,1.56,
1573755836,685080880,-2.68,5.63,1.42,
1573755836,701473251,-2.68,5.66,1.49,
1573755836,717951434,-2.65,5.61,1.38,
1573755836,730231164,-2.6,5.45,1.25,
1573755836,746652613,-2.6,5.58,1.38,
1573755836,763135891,-2.65,5.65,1.41,
1573755836,779604810,-2.6,5.61,1.7,
1573755836,796090344,-2.58,5.65,1.58,
1573755836,812614092,-2.61,5.53,1.53,
1573755836,829138319,-2.54,5.52,1.44,
1573755836,845548167,-2.65,5.55,1.63,
1573755836,861987919,-2.67,5.43,1.14,
1573755836,874283463,-2.62,5.68,1.32,
1573755836,890766658,-2.7,5.55,1.11,
1573755836,907274072,-2.73,5.62,1.13,
1573755836,923718035,-2.62,5.7,1.68,
1573755836,940268477,-2.51,5.69,1.85,
1573755836,956702509,-2.53,5.6,1.53,
1573755836,973169487,-2.52,5.65,1.52,
1573755836,989612246,-2.49,5.58,1.64,
1573755837,6088366,-2.45,5.74,1.82,
1573755837,18393861,-2.43,5.78,1.9,
1573755837,34867207,-2.53,5.61,1.58,
1573755837,51384464,-2.55,5.57,1.5,
1573755837,67911068,-2.58,5.65,1.59,
1573755837,84255465,-2.62,5.8,1.34,
1573755837,100741867,-2.62,5.54,1.52,
1573755837,117192704,-2.72,5.53,1.09,
1573755837,133641736,-2.51,5.72,1.62,
1573755837,150118291,-2.49,5.66,1.7,
1573755837,162458033,-2.62,5.51,1.47,
1573755837,178877991,-2.61,5.63,1.41,
1573755837,195397998,-2.58,5.54,1.45,
1573755837,211869627,-2.57,5.56,1.39,
1573755837,228333810,-2.72,5.47,1.35,
1573755837,244771225,-2.64,5.63,1.21,
1573755837,261250913,-2.62,5.61,1.37,
1573755837,277682417,-2.59,5.74,1.48,
1573755837,294123499,-2.75,5.59,1.16,
1573755837,306412042,-2.62,5.65,1.16,
1573755837,322915748,-2.54,5.6,1.59,
1573755837,339335173,-2.56,5.59,1.59,
1573755837,355682227,-2.57,5.64,1.61,
1573755837,371984933,-2.54,5.65,1.59,
1573755837,388281401,-2.54,5.62,1.36,
1573755837,404547854,-2.7,5.44,1.22,
1573755837,420849930,-2.78,5.44,1.17,
1573755837,437211677,-2.71,5.55,1.18,
1573755837,453501570,-2.63,5.6,1.63,
1573755837,469736723,-2.66,5.65,1.38,
1573755837,486007928,-2.66,5.5,1.26,
1573755837,498341845,-2.66,5.56,1.17,
1573755837,514825982,-2.42,5.78,1.74,
1573755837,531212884,-2.5,5.63,1.77,
1573755837,547562839,-2.52,5.6,1.34,
1573755837,563934371,-2.61,5.72,1.59,
1573755837,580387175,-2.62,5.59,1.44,
1573755837,596809338,-2.61,5.53,1.09,
1573755837,613216121,-2.6,5.43,1.29,
1573755837,629514562,-2.6,5.61,1.55,
1573755837,645971578,-2.61,5.63,1.33,
1573755837,662283439,-2.6,5.75,1.46,
1573755837,674574386,-2.79,5.25,1.25,
1573755837,691054787,-2.66,5.53,1.39,
1573755837,707415837,-2.59,5.58,1.5,
1573755837,723868915,-2.54,5.63,1.36,
1573755837,740327861,-2.53,5.63,1.47,
1573755837,756815797,-2.6,5.71,1.24,
1573755837,773207478,-2.65,5.65,1.49,
1573755837,789643549,-2.69,5.62,1.22,
1573755837,806175677,-2.74,5.63,1.23,
1573755837,818505999,-2.75,5.64,1.12,
1573755837,835016314,-2.63,5.53,1.34,
1573755837,851501896,-2.61,5.4,1.51,
1573755837,867937134,-2.65,5.7,1.7,
1573755837,884397899,-2.52,5.76,1.59,
1573755837,900926400,-2.48,5.56,2.17,
1573755837,917340662,-2.59,5.52,1.45,
1573755837,933783915,-2.57,5.52,1.62,
1573755837,950414942,-2.55,5.52,1.4,
1573755837,962759086,-2.61,5.76,1.52,
1573755837,979172708,-2.61,5.56,1.38,
1573755837,995572085,-2.63,5.7,1.16,
1573755838,12027198,-2.63,5.71,1.13,
1573755838,28514575,-2.6,5.73,1.4,
1573755838,44918166,-2.51,5.66,1.72,
1573755838,61387367,-2.45,5.77,1.73,
1573755838,77861774,-2.54,5.56,1.48,
1573755838,94393058,-2.47,5.68,1.79,
1573755838,106757294,-2.48,5.63,1.71,
1573755838,123180548,-2.51,5.54,1.43,
1573755838,139708717,-2.54,5.58,1.62,
1573755838,156157169,-2.68,5.65,1.2,
1573755838,172555070,-2.68,5.62,1.12,
1573755838,188989692,-2.66,5.61,1.32,
1573755838,205490306,-2.66,5.71,1.16,
1573755838,221967013,-2.67,5.45,1.27,
1573755838,238407143,-2.5,5.7,1.6,
1573755838,250856052,-2.55,5.77,1.49,
1573755838,267322733,-2.51,5.62,1.73,
1573755838,283846130,-2.49,5.65,1.53,
1573755838,300231139,-2.51,5.73,1.67,
1573755838,316713981,-2.62,5.49,1.49,
1573755838,333163342,-2.7,5.61,1.35,
1573755838,349586184,-2.7,5.6,1.1,
1573755838,366034731,-2.67,5.73,1.31,
1573755838,382468544,-2.67,5.61,1.35,
1573755838,394824904,-2.7,5.53,1.19,
1573755838,411363613,-2.66,5.59,1.18,
1573755838,427872715,-2.59,5.66,1.47,
1573755838,444349663,-2.38,5.76,1.87,
1573755838,460777664,-2.4,5.68,1.91,
1573755838,477220298,-2.55,5.7,1.54,
1573755838,493583173,-2.61,5.53,1.31,
1573755838,510153476,-2.68,5.62,1.21,
1573755838,526612241,-2.65,5.54,1.24,
1573755838,538925978,-2.59,5.71,1.5,
1573755838,555361653,-2.87,5.4,0.919998,
1573755838,571837183,-2.82,5.5,0.879999,
1573755838,588251490,-2.63,5.8,1.49,
1573755838,604719108,-2.51,5.77,1.64,
1573755838,621102390,-2.54,5.71,1.4,
1573755838,637527221,-2.55,5.66,1.45,
1573755838,654017881,-2.51,5.66,1.53,
1573755838,670460173,-2.49,5.68,2,
1573755838,682855103,-2.5,5.51,1.6,
1573755838,699378496,-2.64,5.58,1.33,
1573755838,715838286,-2.82,5.57,1.04,
1573755838,732225725,-2.71,5.52,1.12,
1573755838,748644923,-2.64,5.58,1.09,
1573755838,765119638,-2.67,5.56,1.26,
1573755838,781647948,-2.63,5.56,1.43,
1573755838,798162124,-2.61,5.68,1.19,
1573755838,814664450,-2.57,5.55,1.32,
1573755838,827023486,-2.5,5.69,1.73,
1573755838,843488894,-2.55,5.65,1.53,
1573755838,859907467,-2.58,5.74,1.46,
1573755838,876377207,-2.63,5.8,1.42,
1573755838,892799056,-2.66,5.58,1.49,
1573755838,909217487,-2.69,5.59,1.34,
1573755838,925744437,-2.72,5.6,1.19,
1573755838,942117646,-2.8,5.57,1.06,
1573755838,958519590,-2.65,5.61,1.27,
1573755838,971086033,-2.57,5.57,1.35,
1573755838,987625010,-2.49,5.65,1.59,
1573755839,4166002,-2.38,5.68,1.85,
1573755839,20589521,-2.43,5.64,1.94,
1573755839,36993497,-2.54,5.62,1.4,
1573755839,53451861,-2.58,5.54,1.74,
1573755839,70110746,-2.67,5.59,1.34,
1573755839,86546599,-2.63,5.52,1.18,
1573755839,98973697,-2.7,5.56,1.25,
1573755839,115357062,-2.71,5.51,1.2,
1573755839,131745379,-2.71,5.53,1.49,
1573755839,148253500,-2.54,5.63,1.79,
1573755839,164700291,-2.57,5.6,1.26,
1573755839,181151633,-2.52,5.61,1.64,
1573755839,197593859,-2.48,5.75,1.89,
1573755839,214183329,-2.46,5.61,1.9,
1573755839,230563448,-2.5,5.65,1.59,
1573755839,247076877,-2.6,5.54,1.32,
1573755839,259472114,-2.75,5.48,1.08,
1573755839,275874468,-2.68,5.61,1.27,
1573755839,292358627,-2.64,5.56,1.45,
1573755839,308729756,-2.67,5.67,1.32,
1573755839,325179686,-2.47,5.65,1.69,
1573755839,341631769,-2.52,5.6,1.7,
1573755839,358074349,-2.46,5.57,1.46,
1573755839,374521463,-2.48,5.71,1.46,
1573755839,390993864,-2.44,5.8,1.89,
1573755839,403445958,-2.58,5.58,1.56,
1573755839,419960502,-2.66,5.66,1.31,
1573755839,436451859,-2.79,5.62,1.15,
1573755839,452894361,-2.77,5.61,0.91,
1573755839,469341455,-2.69,5.52,1.32,
1573755839,485893485,-2.68,5.55,1.1,
1573755839,502373916,-2.53,5.7,1.99,
1573755839,518815929,-2.66,5.64,1.42,
1573755839,531155776,-2.61,5.54,1.45,
1573755839,547641765,-2.52,5.52,1.55,
1573755839,564106067,-2.47,5.6,1.7,
1573755839,580554781,-2.48,5.6,1.84,
1573755839,596999746,-2.76,5.57,1.06,
1573755839,613404210,-2.74,5.45,0.83,
1573755839,629790657,-2.69,5.5,1.32,
1573755839,646256464,-2.53,5.82,1.74,
1573755839,662781764,-2.65,5.59,1.58,
1573755839,679272228,-2.78,5.54,1.08,
1573755839,691647595,-2.82,5.5,1,
1573755839,708130291,-2.56,5.78,1.73,
1573755839,724606267,-2.5,5.68,1.73,
1573755839,741237451,-2.58,5.57,1.49,
1573755839,757881492,-2.59,5.55,1.13,
1573755839,774254388,-2.62,5.41,1.33,
1573755839,790887434,-2.6,5.66,1.55,
1573755839,803315290,-2.66,5.48,1.32,
1573755839,819826194,-2.69,5.46,1.29,
1573755839,836277923,-2.74,5.28,1.16,
1573755839,852730640,-2.73,5.65,1.29,
1573755839,869128033,-2.66,5.59,1.27,
1573755839,885591204,-2.62,5.47,1.18,
1573755839,902080422,-2.58,5.65,1.36,
1573755839,918556121,-2.48,5.68,1.65,
1573755839,934987147,-2.48,5.72,1.68,
1573755839,947408016,-2.36,5.64,1.55,
1573755839,963899743,-2.41,5.72,1.74,
1573755839,980336192,-2.49,5.67,1.57,
1573755839,996827623,-2.6,5.55,1.38,
1573755840,13217661,-2.64,5.54,1.2,
1573755840,29699119,-2.68,5.58,1.08,
1573755840,46271409,-2.55,5.63,1.47,
1573755840,62793082,-2.48,5.44,1.61,
1573755840,79220577,-2.5,5.78,1.74,
1573755840,91571501,-2.45,5.71,1.53,
1573755840,108101300,-2.55,5.56,1.53,
1573755840,124594033,-2.54,5.58,1.77,
1573755840,141036162,-2.55,5.54,1.51,
1573755840,157532317,-2.54,5.72,1.62,
1573755840,174025145,-2.57,5.61,1.34,
1573755840,190537271,-2.68,5.72,1.46,
1573755840,207091832,-2.64,5.69,1.38,
1573755840,219582221,-2.63,5.55,1.47,
1573755840,236070269,-2.76,5.58,1.23,
1573755840,252520280,-2.75,5.57,1.1,
1573755840,268918838,-2.67,5.56,1.1,
1573755840,285470429,-2.47,5.57,1.66,
